indiv,grain.yield,grain.number,seed.size,anthesis,silking,plant.height,tassel.height,ear.height
11430,6.714174912650002,2524.89587100591,300.2941060249889,65.32916242460999,68.08815247359,214.2876922064,244.77635607866668,108.31486948568002
A3,6.283445284619999,2687.7461068458497,267.93689291612225,66.26612732366999,72.11664156868999,221.94284869536,246.56852058049995,112.33985950009
A310,5.64884515071,2098.97872013667,304.17556918437776,66.23793370423002,69.25073375655,221.82584458204002,240.5210633676833,124.08681864395999
A347,5.493819655019999,2119.2424739375992,291.9577857806778,67.70708578583,70.47042733406,209.09545766715001,243.12232280735,114.83595692429
A374,7.505574092890001,3357.30158511878,258.2564273117778,67.81873645233999,70.94837487531001,218.69800623247002,245.21611332023335,114.78946803669001
A375,6.634623523300002,2751.34238698866,275.0637842464555,66.36189150308,69.65079882746,220.42786852710998,240.65148898218334,113.99138053175
A554,5.942287722,2337.9041316064104,278.7897037532222,63.2084282787,66.41508419851,209.4820290867,233.31233077228333,109.04408085523
AS5707,7.51215424884,3083.16033965907,286.60278217364447,69.16897020452,73.19745917253,229.55790825772002,255.59650941363336,121.39378017087002
B100,7.078415311730001,2757.2022634702694,294.3855960112556,67.43379513983,70.48536412314999,207.71992844787002,238.12711659303332,106.84834305036001
B104,7.4494304317,2691.48928862465,328.60598857015555,68.44147199938001,73.32116968176,215.21703421920998,244.41408675485002,113.34710394873
B105,6.12348734161,2520.06119240082,303.9647162534111,66.28620884298999,71.23959205180999,211.13445302624996,239.03120160990002,105.05220665977997
B106,6.5484769183600005,2637.9230678257704,287.57740949199996,69.82256800694,74.15733341976001,220.6382307073,247.88502725845,114.59859256217999
B107,7.455235719619999,2645.6685966516197,320.4476367249666,67.26226405630999,70.99364091298,231.42158521280004,258.34228220766664,124.43858224320999
B108,6.527286849489999,2620.29612819681,286.14000067924445,67.64005468699999,70.89094143994001,216.60343166062003,244.87294273015002,112.48229623813002
B109,7.70544644628,2915.30461497695,309.3746031443334,67.41090934147,70.61046911005,223.04045256267,254.7270930801,120.97948659599999
B110,7.801106551080001,2908.67125479416,311.6305322903778,68.40620864873,72.50567996365001,218.86988113994,243.21392145378329,121.44820786519999
B113,6.9786990621300005,3103.778801532,264.4360787693222,67.62174656559,72.47280427861001,216.01580023750003,241.15809800220003,111.98868460281001
B37,6.686559227639999,2619.5936866535403,304.8271314037667,68.96801748276002,73.92072101542,222.00479948307003,246.86899008578334,113.73788220924
B73,7.457005192570001,3006.77534116584,285.55346049288886,67.14582030388,70.28476304615,221.16652142878996,249.08400782878334,122.82767301332001
B84,7.65020086615,2708.5580001275603,314.90728303272215,68.20179732911,72.34175063122,223.39284969334003,256.38980642584994,121.87637009876998
B89,5.792443264960001,2211.80765384705,288.3539111035111,64.27092808616999,69.39348878800999,211.03524852995002,237.96953660835,105.93279069319999
B97,8.437723273360001,3173.65551408203,309.70481885045564,68.53973148355,71.72078809429,224.08873639199,249.89285155964998,119.7328579111
B98,7.12286226827,3060.13831706173,281.01158547594446,68.85385195174999,74.99418960938,236.03072224458,258.63052735163336,118.71161994634001
C103,6.384139396330001,2515.64357393161,310.3953922382222,70.26553442522001,76.75611473851998,226.71364811231,256.31384582236666,117.70812127233
CO109,4.733817728589999,1886.36536182169,286.4080289280334,63.36323593333001,67.75750303169,213.02554192365,241.8316249525666,109.51057657160997
CR1Ht,6.2860213064499995,2275.01476479951,312.0803698410778,64.46184817102,67.72790560998999,206.54142021357,237.47739451793336,108.11339965381
D09,5.921442846059999,2466.7816259648002,266.2409671807,61.42877329424999,64.74245191023,214.41640853084,242.2046539115,111.45825006878002
DE811,7.807126410590001,3180.1627651508306,290.38585980466667,69.51194835263,73.45698507244998,223.26784651583003,249.37984398301668,114.43487808684002
DK4676A,6.25944005436,2169.10824907824,324.0994725065,65.10503633558,66.79419413866,212.31394320605,232.01087756549998,107.89045313473
DK78010,7.15771282516,2572.62939793058,315.7165945434,66.27484771668,67.75801434793001,213.45623101719997,234.96592995378333,119.50262857810999
DK78371A,7.340720029110001,2682.6344645446106,322.51270700276666,69.00864880693,72.76520737681999,227.53392152919,252.45861331794995,113.98071634178
DKFAPW,6.527128810220001,2673.27909726839,283.3116584553666,65.18296795968999,69.43487786436,212.99043906672995,235.15667137888337,112.43924441341998
DKFBHJ,6.35104453462,2286.3093272034303,304.2603431058222,65.89756625466,69.10153137713,219.50784499014003,240.92473440418334,108.98104086418998
DKIBO2,6.076120963519999,2239.03237407973,305.7819382563667,62.565599438380005,66.02126000546,219.78778483871997,242.14705518865,108.83522636482
DKMBST,7.359967312819999,2843.73656379958,304.08265311254445,69.07719070427001,72.59883978591999,221.98143333662,248.36465207103333,114.00952365927999
EA1027,4.9378565979,1776.25507037258,315.6021795197778,68.91735363090001,72.96582773867,214.82102233391,238.2676042339667,122.42708312515
EA1163,4.6812883665900005,1985.0431091733801,267.8519456028,62.51263110674,67.5009450842,225.55189502964998,248.60545864768332,110.59079948413
EA3076,6.1729906979899996,2522.4627331003403,288.2397253988111,67.62575176901001,72.83977705533,221.1800822508,254.50571172985,123.07886596380999
EC136,5.7973393054399995,2175.9473505877495,305.29747708950003,62.62592411275001,66.29437085384998,211.93303866029,234.7955967854,101.22382980569999
EC140,6.96008417044,2939.6670449481303,272.8514334035,64.68807189650998,68.38639650369,212.48430595094,239.84218033621667,106.86202137131
EC151,6.166579498150002,2702.9054492157306,263.8522160506111,67.00001716566001,71.07547863009,202.01372669362,224.9934169917,109.34835361151002
EC169,6.1017364003,2487.97135085132,270.63994855085554,64.40504979074,66.77419613603999,200.21771108629002,220.67144746425,106.78816123067
EC175,5.765619983559999,2250.69844828197,280.3794467533555,64.68997244271,69.76996376484999,223.62001727471002,252.69358120613333,113.84211393069998
EC232,6.01814147347,2194.49222996436,307.3943787938111,65.54210434323,68.46007332460998,210.45643930494998,232.81967089190002,116.24894568869999
EC242C,6.828050648719999,2673.0604104886197,287.54376288886664,62.268363177409995,65.08470981133999,213.63783960284005,239.53841246938327,103.37736617729999
EC334,6.87391985295,2673.37664778455,292.86914101681106,66.77662112176,71.53457771944001,204.34057981185,228.5961162212333,104.63596144161
EP10,4.83075370712,1918.5108077791701,287.1086938313333,65.65923605355,70.24790274085,206.54093615357002,232.09053377061664,107.2724329461
EP2008-18,6.64658758425,2464.75897862371,316.4550884219556,65.871234692,70.24000820832,222.47463231107,244.79912012639997,108.81035109207001
EP2008-22,6.26472590578,2280.49653707367,320.6020816975111,64.88125528897001,68.85185925740998,208.49753989076004,229.36386501318336,100.63252578646001
EP29,7.260022337059999,2821.4476939840097,294.4340313107556,65.36916200162,68.70792201309999,209.93879923218,236.25230085193334,110.16939107595002
EP51,5.561006416540001,2182.42056720329,305.0556218979556,63.509285385240005,68.81534405404999,197.18691419749004,219.1661666627,99.19564194542002
EP52,6.72269869941,2480.2088351740204,314.7533825760889,68.24703062129001,71.44496581178001,218.53966012625997,240.70612116251667,117.69052817176998
EP55,5.54766121209,2385.0737849128395,265.9251873535444,66.46539006889,70.33129459801002,215.49874690062,246.06538654621662,121.33807826325999
EP67,5.444473669030001,2323.70611216581,272.29530748132225,63.58171680178,67.75023975331999,196.34915523952,221.99014445713328,111.35127624856
EP72,4.83195421903,2455.8738181510003,229.25805622956665,67.47049594225999,72.76926943606999,208.69232460524003,229.5127950943,109.48743666864998
EP77,5.084804138409999,2295.2354768986597,252.4228436168111,63.7235968565,66.97120230533001,228.746206231,247.00424393026665,112.83953347345998
EZ11A,7.460945682890001,2821.3162225207097,312.61743733012224,69.09194450244,72.17156748881,236.35060470956,257.9430692413,125.73947156035001
EZ18,6.89806439691,2782.76654900797,291.6373887107333,71.83344639573001,76.63505568746999,231.78619774272002,261.9724192566166,127.65649662231002
EZ31,6.788773153700001,2605.184281015,306.75010604180005,68.16434874979001,73.01108645291998,222.45444283121,247.84099508621662,119.24032338613999
EZ35,7.038079428120001,2833.2209640530505,289.8620160574222,66.47177866615,71.50528234616999,219.57650980502999,247.85490428593334,118.44578895698001
EZ36,7.32268053905,2968.6521369213906,279.0679152096334,68.27530724353001,70.98800521543,218.48086848818002,240.0758289199833,122.84533841724001
EZ37,6.814487067669999,2611.75335827729,301.13383451589993,67.59974092808,71.20803172343001,217.37539383912,236.5435274384,116.53553245004998
EZ38,7.300341375670001,2851.00891518631,302.20275686524445,69.89100439845001,73.74543044674,226.86612874729002,251.65384742713334,123.85156164777001
EZ40,7.15897434268,2919.87391993016,281.90267325378886,67.59507750722,70.43286037141999,212.70798014103002,235.25141272825,115.87864129942
EZ42,7.167410058490001,2876.14102147022,285.3225675748667,68.18706891109001,72.00004884391,222.48656459797,246.80705740195003,117.56095145944
EZ47,6.255755053150001,2476.73835461585,289.52729811998887,65.38957157574,69.97383544996998,215.15636841016004,236.45104303710002,117.25417394944
EZ48,7.35588394691,2863.12350607205,298.51489464402226,70.15498353130998,75.56066059913,234.50261214304004,258.09109045114997,124.10167807768
F04401,7.331305018250001,2708.56124791974,301.7952699751445,65.97726065476,68.89468810951999,225.37995359709998,255.24467362705002,117.41674388896999
F04402,7.4833924108200005,2547.3595649987997,334.47614951776666,65.44037020617,67.95006953096,227.05316909188,253.58965697098333,114.31517560385001
F04701,7.1726577232599995,2621.11899735173,312.96510328143336,68.26820613730999,72.67394507444001,224.27769991453997,250.3541071822,119.61290690997001
F04702,6.52311075805,2387.1038918801396,311.0385469562111,66.29327569231,70.20296002597999,216.04518087709,244.1448316000833,114.41318425048
F05101,7.657114705289999,2850.03958464466,309.84543225798893,66.22557853594,68.64875591583,216.81122257007002,242.86296423551664,114.75756552911
F05404,8.091893174580003,3073.56574839574,293.4609533212222,67.07010721569999,68.88342734105001,211.75039091229002,239.12693616901666,109.36511995051998
F1808,7.0530678378000005,2513.5473907289297,313.4730877535333,67.00961662332,68.87474353489,223.30901269084,243.9979621968167,117.27789197316
F1890,7.742663258870001,2833.6304389271,306.9653885560999,66.86375400717,69.04850044726,217.40415191903998,242.33021524285002,122.737100334
F218,5.58908882349,2039.57135493737,306.67141621584443,62.2583314436,64.41411310658,209.46518623312,229.99686996916668,103.47905622963
F252,4.35804142676,1808.7440157275898,265.8307414653778,62.272664134479996,65.16409718123,211.91734975943,236.43339696928334,111.53482883388999
F353,6.620062573199999,2450.9638440030803,301.30353883056665,63.20706072882,65.92204329108002,217.53117747792004,244.64693363308334,111.66050158902999
F354,5.985422873199999,2515.9754627458196,259.67453606234443,66.38850278596999,67.75600596438,202.05880098222,230.2474730406333,107.57827634865001
F608,6.77282154689,2942.63586712787,262.1824912883778,66.73698793690001,70.18024313415,228.59493472807003,257.7796142836833,114.44912070510001
F618,7.185593121229999,2665.87257310172,309.4793894394333,66.39823379349001,69.22459613917002,216.85796798905002,239.5210544758833,109.17421699927999
F7001,6.281420819269999,2617.3004396619203,269.86287982797774,67.60603764319,70.74576969092,229.81018899316,252.59628430561668,130.23922239055
F7019,6.1336836782800015,2311.56752357036,297.60186628135557,64.03197747000999,66.65990241629001,214.09031083665,233.17159916491664,118.79843602961
F7025,6.431001377550001,2508.45630175288,292.43247440806664,65.76855287509001,69.59973260347002,219.02777236708,249.6635296381833,108.90346876383
F7028,6.537964397550001,2887.18778404048,257.13479377318885,66.6593856421,70.10092942818,211.40285304258,233.72810957376666,111.73804998697001
F7057,6.49323103961,2646.8383976835703,276.5321208963222,65.31157364084,68.44491303375,208.21647015141997,235.29731709941666,114.69565682232
F7058,6.219361803,2458.22026026693,285.74995453075553,64.88930324161,68.85695389366,209.48707630682003,234.15527288184998,107.49101300325
F7081,6.356869411730001,2516.9210917301803,285.1516939047889,67.34002016485,70.70044128246,220.19327536089003,252.06073262326663,125.99521609887002
F7082,5.807657429930001,2343.0961387826096,281.18117287017776,66.21073661147,69.13475444324,208.46553191078996,233.27195256675,118.33765927936001
F712,6.9681006518999995,2913.35490372785,270.19332532018893,68.31059206649999,72.80160718639,237.67953839201,264.47269776261663,130.28843969635003
F748,6.88515635909,2746.93205200585,289.9993434914556,67.69464674430999,71.19926872609,221.36459023474998,247.40020434681662,118.96154279889004
F752,7.021046448849999,2838.5137210740495,288.73823307279997,69.69504562,74.79164508576,212.04486704587998,238.72889601953332,119.73977801072002
F838,7.047525228260001,2953.1117607937204,271.5979279216222,69.83723322096999,72.53747008050998,215.5094254603,243.02297146399997,117.15756745441001
F874,5.598646266320001,2135.99229740196,300.38655122465553,61.39273002686999,65.00234161521,203.12279532152002,225.10980346949998,108.77685399896
F888,6.089882971100001,2476.0017624373695,281.1573282307556,65.68656151242,71.16014454363001,217.47933814654002,248.63655881091665,109.85791055215
F894,7.2615245033999996,2838.97851107238,297.5844147407111,68.62119225704998,72.22940093333,225.3520753802,247.61058079595,117.80638532714002
F908,5.73415944964,2266.00682615786,276.9504108053334,63.55126348409,67.73072185127,220.20231272226002,244.65024155515002,116.83973173345998
F912,7.13740738397,2786.80946598852,286.63414843712224,66.14670900244,68.84879908511,214.65268661396004,239.03581734378335,107.37321880385
F918,7.16901642691,2540.5180670614304,324.73968984734444,66.90212330122,71.29701218121001,222.61740547274,249.92144336748333,122.4125272254
F922,6.687373236090001,2688.78255869584,277.22673035444444,65.8981434381,68.09495563569001,227.50610812662998,256.60726277616664,118.80243274739999
F924,7.7120604123700005,3085.08089883945,287.7385943518111,66.84857896582,69.09468066708,219.39173084781996,244.44602786795,114.79017065357
F98902,7.17249602885,2765.29827722138,295.2972226058,66.26670997778,68.47088903937,235.24569581911004,259.0573714296833,124.21991570413002
FP1,6.28920557062,2618.4000231689597,273.54396518447777,64.21782926628,69.42256341617001,221.48177193886994,246.52772204228336,121.31415907335001
FR19,5.3735092175400005,2117.74795856326,281.44683877417776,66.15545062286,71.06471219794,216.68308138705999,245.41203311571667,115.39292635422002
FR697,7.486247107809999,2611.39539970347,330.2159904209111,68.30096994344,72.31306560326001,220.45784333370003,245.48151740316666,115.74091426996002
H99,6.2198629979,2456.4016025555006,294.30263683354445,66.38322000269,71.55944782444999,204.70303757182,225.5490668589167,94.14721951121001
HMV5301,7.835544114970001,2556.3512838832203,346.5677791370222,65.26643970097999,68.17965921429999,230.54033975194997,252.2199843861333,115.71405756407998
HMV5325,7.64892222726,2921.9316198654897,292.3364022694111,66.3654647516,68.46377753870001,239.12020577927,264.02300663648333,123.86153916967001
HMV5343,6.983302280880001,2597.13671522173,314.0817822109333,65.35179386566,67.62501332291,210.09042626892997,236.8251448510167,112.95137110870999
HMV5347,6.65670869673,2313.10619491908,324.8565258835667,64.92533785075999,67.42010919362,213.41545117402998,237.20661303850002,112.94516037492
HMV5405,7.6274181707499995,2661.5630358063695,325.2176267385445,66.35633961724,68.49823790644,220.72350077961997,244.3311470028,114.8470341361
HMV5409,7.052883219669999,2466.68116828483,332.8148662555778,66.2000852143,68.71985348064,205.79294253963,231.86999979520002,107.84321998805999
HMV5422,8.56515341954,3449.0023683305894,284.6526207824111,68.50591036927,70.49369809276999,246.66327799258002,267.1633221647833,127.20412698249001
HMV5502,7.660151850710001,2938.1808934093197,298.4457976282334,69.06741377066,72.70330111250999,224.84236694182,248.05087140561668,128.58394048685997
I198,6.50527105825,2889.46143608234,264.09245799564445,70.54566863706,76.48723779387998,214.03656266860003,245.94467607606668,119.5229395429
I233,7.3754511997500005,3089.2813745807002,288.6085369482778,71.89623875597,77.2973129494,226.78843130971,254.11644026038334,122.01080215523999
I238,6.715867961340001,3055.70793225871,259.4605563027333,69.00300526094,72.68533984592001,227.46108859735,251.1490165384167,120.04043288931999
I242,6.1737821701,2473.1131008549,281.18270001105554,68.97911758613,73.53164165461,223.47586718184002,245.3088533691,127.41040200836001
I261,6.254071403979999,2653.38237184788,283.7614140684889,69.04230040445,73.74303394490998,210.18377444075003,234.02431324325002,120.38346883182999
I267,6.34151340704,2566.7617526800104,287.5619929544889,71.29066132700001,76.94165675498002,223.32488705227001,243.70679806855003,132.7003402915
IDT,6.397660985430001,2288.80222700966,320.86385862653333,67.68661817845,72.87156990087001,214.75121388153002,242.34523187053333,105.96480578359999
LAN496,5.58739337819,2436.88779607366,267.94551930194444,68.18204364868,73.62958831468998,213.93752305930002,240.57683299726668,120.63815854870002
LH123Ht,7.06411098989,2852.20078939834,291.1512432583222,70.38089131984,74.09085769230998,226.43782277990005,252.55421631771665,122.15764354366001
LH145,6.52088245882,2565.88545807438,283.9614410945111,65.49457004504998,69.06965378293,209.67367965842004,242.0706676287667,109.29465937222001
LH38,6.904753039219999,2558.7184061018997,307.2648549499667,65.99536952001,70.00694403441999,207.30711257523998,226.73391562636664,102.81446364323001
LH39,6.75060724618,2649.53372655042,289.4951512594333,64.31770405809,67.99441177139002,205.69006710771,234.39665898753336,103.7586959457
LH59,7.01918594794,2752.83191011243,304.23047270943334,68.18475116693,72.74585391657,217.02182108329998,245.1218538498,111.93227454366999
LH60,8.03435582366,3185.7245674771702,303.15519654630003,69.42269181213,73.08968979400998,217.49403579146997,255.20601543953333,114.50655332424
LH65,7.6451715046299995,2900.518298769089,312.34131378381113,69.40165398554,73.77865874012,223.80966758391,259.81496053853334,120.06974831917
LH74,6.76185720199,2720.20405546012,289.34022045924445,67.33687869835,69.79243173986,210.41792872121,240.4398413277667,110.85830054705998
LH82,7.22114529322,3122.6847563991896,265.2043905297777,66.01307351291,67.44515870009,209.23823925083997,230.48654193813334,107.2201290854
LH93,8.18164082983,3492.4094112461194,277.08765230601114,68.92666909577,72.97817074858999,211.43726537880002,228.61720192593336,117.47792771009001
Lo1016,8.187268771080001,3288.0374010903497,293.5745535768555,69.58132778860998,73.27390953116,232.31484568121996,259.8724172894333,127.20344782374002
Lo1026,7.9372513722,3205.73691493609,289.0473039620222,67.15864200799001,71.0968530382,223.62473213135,252.96004206708332,119.00915284087998
Lo1035,8.18971759935,3219.3904452247702,302.5991804726111,69.9663007008,73.80235068063,224.92250125283005,254.04999579283333,120.15602462593002
Lo1038,9.065548752260002,3922.21282401796,280.8158284769,70.70086520176001,75.97254308622999,225.95910874881002,249.01001322604998,116.87614587527999
Lo1056,7.875730803470001,3222.08817017918,291.19695097023333,71.27949507703,75.79106062974999,221.90274601977998,251.3976184376833,122.63965736124001
Lo1063,7.643703543620001,3177.9243786247102,291.3035074414444,71.75443426838,73.95078176180002,207.07080656438998,236.93951007039996,115.99549102691
Lo1087,9.47191234941,3743.2887960097296,305.6035004978,72.08002563809,75.77968289916,221.08949234809998,251.16621672115002,120.30636748500001
Lo1094,7.979718456730001,3234.64443197218,284.62804529365553,68.98042899435,71.59047783394,216.13149861255002,245.0368378858,115.23921240393
Lo1095,8.5968465791,3333.6983775199396,306.63300279386664,69.26130965884,73.53212747155,217.42959539831,251.05889086386665,113.16983908685002
Lo1101,8.04743539783,3149.3661582662103,302.54187639326665,66.48157394011,68.45957881871999,220.71763400317997,252.11097018036665,111.68921599083001
Lo1106,8.33343450963,3197.67961884325,306.8255482807,69.2384466386,72.35761435891,223.30784994931997,252.09129349061666,121.45062890858999
Lo1123,7.42320856937,2707.74233609533,310.8206363807889,67.10174322411,68.89175734367001,217.13241607222994,244.22124373796666,112.60502869550001
Lo1124,7.628442224990001,2735.75460797227,328.2424989218556,69.0247733807,72.41046760756998,222.01663903008003,251.19877385078334,108.94166308408
Lo1172,8.14032241955,3077.26341973506,305.59642603702224,68.85120197689,70.86765587941,224.68622310257,249.80014129350002,114.50932615392999
Lo1180,7.195524915979999,2756.1929822929196,296.3099084962111,66.34561899261,69.22193310711,216.15644014673998,237.43607211433334,119.84339398485
Lo1187,7.44706919308,2987.8277096223806,291.24055136046667,67.45840101531,70.74691537983,214.0395505257,242.64298523316666,118.42104381188001
Lo1199,8.252148492829999,3358.26028701045,288.02308888631114,69.25663661151,71.62960574194,229.30404700375,253.58733812086666,121.51171528889003
Lo1203,8.74024490332,3645.37676834738,283.7704277770111,69.48249997443,71.9974252303,229.99613517164,259.793480181,121.35927582435
Lo1223,8.855742921529998,3351.4921597041293,309.35216986984443,68.76503635679998,71.44101830158,228.67211729338996,253.43602731996666,116.07017284766002
Lo1242,7.79473369399,2930.5686710630002,313.91178431332224,67.63812279749,70.60068926601,221.79509624293001,251.91035785020003,108.44049804889
Lo1251,9.030240965660001,3493.3882333436895,312.23975297923334,70.35591778631002,74.53163527925001,225.918583691,259.26065951555,122.41371102564001
Lo1253,9.137707635770001,3391.3204572570903,309.75493560477776,69.18755564725,72.74461960695,240.00974827701006,262.62716858134996,131.72062133345
Lo1261,8.825955489379998,3456.1347706827496,300.43849057688885,69.11233676546001,72.17969737694999,223.95142171880997,250.0565461299,122.32751696637001
Lo1266,8.85755683802,3284.22044132371,314.25246786311106,69.45280355416,71.95953916337001,225.57392369451,251.45389096238333,114.12562572118
Lo1270,8.35135183398,3269.1561631428,300.6811059378889,70.14900191097,74.17102838906001,224.3495462719,254.06155195556664,115.44272187335
Lo1273,7.913456255430001,2841.6049217844698,322.9169412213111,68.47801599051999,70.9595404422,211.16654370959,235.82531845601667,115.81011342504999
Lo1274,7.33881639323,2673.9396094158005,316.4115882159,67.97524648453,71.31047465514999,225.34432217497996,259.43746160605,106.62308859237002
Lo1280,7.42322080571,2658.14076978534,347.1251361433222,67.89803170927,71.86892958274998,221.43497586220997,249.32308448658333,112.80047335632
Lo1282,8.56484773497,3108.61769267294,323.6275857444889,68.7872871941,73.60150073622,229.16190739249,255.77138786798332,119.0476750622
Lo1284,7.706037933279999,2721.38533884725,321.6036284523778,67.23846528208,71.94918975682,220.79643105417003,242.3549832644333,104.57942554509
Lo1288,9.12575579862,3363.5343899531604,318.87896513920003,70.85577835263,73.71587828012001,220.62762810739,241.31248639628336,119.22007400299
Lo1290,7.911372414339999,2934.89677984038,314.90645922843333,69.03528650249999,72.79285493291,219.48362778168,246.4928603872,109.52991425288
Lo1301,8.95770031648,3735.0067387760296,282.4269937987889,68.13668995455001,70.18021304408,216.09667227636004,244.58696412056668,113.70673526009998
Lo904,8.4445675286,3395.45491744388,295.9292859698555,68.07621138239,71.43974223661,224.4261606971,252.63373319635002,120.65980868938998
Lp5,7.08086035261,2784.9280933606997,295.22791855242224,65.34283783087001,68.16060154473,214.22864864180002,245.37982231523333,111.07813887665
ML606,7.50779240087,2868.37870136888,299.91758626706667,65.56641288546,69.89605936565,215.99969713355,236.89018493208337,111.11017366182
MS153,5.780638305779999,2165.9923399694603,308.29493408371104,65.24339005196,69.91462616282,217.50098061296998,244.62853829456665,120.55885316290998
MS71,5.97217016817,2426.80733132621,280.7434018643445,67.08184849005002,71.59046320033,210.24751865778998,236.70965159556667,108.89996442646
Mo15W,6.512203372789999,2502.6535596733,309.59213028063334,70.33163179298,76.16736298619,218.10004809455003,240.44381889763335,120.33221788969999
Mo17,6.979572962460002,2530.50353121342,323.5367551440889,69.47880958546,74.57957897223,220.94325907795996,246.72801537431664,122.41091404710001
N16,6.31513298541,2941.36273549619,255.19213504936664,70.92527189759,75.15528812782,225.93702505315,250.04613651388328,125.73422129048
N192,6.75656211939,2570.5257140201898,298.45589703147783,65.01661366481,68.18156242281,209.32121065061,234.14414671485,105.65886412044001
N22,6.22491794297,2619.4344862197004,276.33631526258887,68.90396502727,74.24557788647,211.99872074723004,233.81907066781665,115.20735164970002
N25,5.44152759643,2125.01004162477,299.7844245035,68.65119216454,74.39760112635999,219.22993255699998,247.39545367235,115.29456879104
N6,5.8186796975699995,2342.42570310323,288.63041696331106,66.42788528866,71.21735298182,211.53774933190002,231.04735215291666,110.91496049723003
NC290,7.418266227359998,2891.7094753414904,307.04007484085554,68.68635608102,73.81099534635,222.22408417712,251.45063698906665,109.18153023366999
NC358,6.84490378241,3378.85577498641,259.6041266415111,70.36524779748999,75.83573337581998,224.22562632463,244.4397318653,117.74169012831001
NDB8,5.14347818979,1943.3210510541496,294.8763734366222,64.69628001063998,67.40743575977001,207.71025277663998,232.5048888557333,117.20029155678999
NK764,6.36053890862,2560.34450859775,283.2799213429333,64.82341327381,68.51149142727999,204.94354877186,229.00437787481664,103.28626494537
NK807,6.462865432469999,2489.65690039974,297.54433108791113,64.53844338022,67.20481419361,216.35113551269,242.4880466689,111.3408403592
NQ508,7.66485232942,2927.6471390808797,303.17065799293334,67.36085173188,70.99193978302,219.35755799462999,248.20102279516666,123.04701684973
NS701,7.69264455197,2843.37321651207,313.16312354403334,68.06296593558,70.86794632857001,219.3490197315,248.0147398447,119.20173908054998
Oh02,7.183533527050001,2684.1831245809094,304.71615956523334,71.23472750432002,75.28516926806999,230.91457198467,253.4128714281833,131.44587434363
Oh33,5.77415749339,2388.8489963592697,271.0256087283,66.74127876408001,70.97238660814,219.10824469930003,240.70943435361667,111.68525170285
Oh40B,6.29699794491,2450.49575194125,301.0370201505111,67.48088821903,72.40729804486,220.28644072099002,250.0429111843167,113.52649965701
Oh43,7.023673658280001,2828.49154299199,294.0769415009666,65.85592944731,70.57471372319,217.53416624751998,244.23014433613332,112.31880061039999
Os426,5.947978240029999,2274.29709958214,296.01458162896665,69.62723696236,74.07152960704,229.36104550659002,250.79711990386662,131.21091975026002
P465P,6.62465816885,2845.6777145261303,277.2424043301778,66.83750954675,71.81557910197999,220.42458411845,244.86344036138337,115.63101603017999
PB116,5.48880444544,2283.37252067409,268.3688027500445,67.35329354788,69.94884749724,217.08618371133997,244.4369904556,117.99904365416
PB98TR,6.2042068031,2440.72384238568,289.72095799212224,68.51971836536998,74.52223665487,228.93438484931002,255.04449719003333,128.60849577540998
PH207,6.94635094731,2591.9539084412004,301.4135332163889,63.03363365388999,66.37262280640002,211.45425859314,236.5736839204,109.16392908625998
PHB09,6.93432818646,2538.0666098968295,315.5800873471,67.18226096242,70.50382620644999,217.24551359684,238.3654784168,117.18021881666
PHG35,8.717357481039999,3289.55895213817,306.3288112698222,70.2184192477,72.78561575848,227.87344686301998,259.4498824472167,118.91513559436999
PHG39,7.93686535378,2946.7882160039303,312.5857607998444,69.10012128072,71.96414241641001,227.8536505771,250.10302431873333,116.56740029635
PHG47,6.898782285930001,2778.03467946659,283.2867208342,65.14225549454001,68.03161322083,210.08024302852,237.00229282454998,103.14899714023
PHG50,7.30395849614,2815.95867587277,290.18921649715554,64.76789605169999,68.33177389266001,213.1389260817,236.35109082725,110.92548885624001
PHG71,6.948432122830001,2509.0252664498903,306.5475583252333,64.82163218696,67.91776665843,209.29517679216005,230.56332366195002,111.72108636264997
PHG80,7.725390653470001,2863.68026479537,312.8385163635111,67.89584928032001,70.80079061446,211.58728152866001,232.06333045155,111.03380652449
PHG83,7.79922439864,2844.10230124566,312.67408812621113,67.28558506558001,71.06278072895999,218.86973176500996,239.63529233719999,109.46023651184001
PHG84,7.83230942568,3003.39529701064,304.76806072333335,70.48453977390001,74.21125329944002,224.47313313272997,248.02269448828335,114.50668826168001
PHG86,7.765305957610001,3061.75663827922,291.42457178675556,68.41992223643001,70.28584321496001,222.27391447764998,247.96885236388334,119.45783252278
PHH93,6.50760555918,2529.9814656756403,290.4996621615222,64.57481344285,67.62337723341,210.16970128937,232.54848476266662,111.59946205480999
PHJ40,6.405942036990001,2496.3358705095698,291.69487498813334,64.65289042594,67.00161906798,211.85185330197996,234.65993635555003,111.64835103895999
PHK29,8.46647769984,3334.9165383684194,297.3621262470555,68.06822841693,72.94252933217999,219.59722646392999,244.34567427895,118.16010511345
PHK76,7.708993298230001,2855.73191513087,309.4703302627444,67.76728452939001,69.66785680129001,225.09968952130004,253.50702137716667,115.93590456213
PHR36,7.400353584119999,2987.324870388,286.3914369089111,66.99951223781002,70.77092878303999,216.94153161108002,234.0807420493833,118.09008186508001
PHT77,7.22793130341,2906.74650183525,289.47018034018885,67.36043892908,71.21792809669,218.74456860689997,243.84283394898333,113.47189830622001
PHV63,7.7760757118,3236.35164987639,279.34972411182224,69.10610322795,72.63872828926,210.52345790214002,236.67149629766666,115.22467568012
PHW65,8.47235642574,3205.04873685744,306.6664692485112,69.84548670494999,73.09832526473,215.87609733063,239.8724081520833,110.72690913918
PHZ51,8.01263169621,3140.8211829156003,295.8380940539667,69.48319031877,73.00848643159,236.91384410591,258.88083529591665,126.39717057064999
Pa36,4.037903808719999,1846.9655885156903,242.48008126002222,63.05786927671001,66.69928470348,206.4473477603,230.63700312221667,111.03579434940998
Pa405,5.47136229177,2358.18091472004,264.4426748570222,66.06812093071999,71.01520781757,214.78440833131998,240.4822900730833,113.47754966061
Pa91,7.3760964876,2843.1542359272403,312.48761821768886,70.63060806963,75.25089817437001,222.22582701391997,245.8061154749,119.7704314225
SC-Malawi,7.1290935306,2617.7911035525203,326.74695800531106,72.19209791609,77.78401074378,220.94895664409995,245.7832961905667,128.04021910152
SGI061,8.03876620311,2979.90863976699,309.4138098252,67.24007902611001,69.46530022979998,228.79369284893,256.83534912143335,121.26948321894001
UH250,6.268842891589999,2411.16177913339,287.4803379467222,63.033220316489995,65.44188270685,208.59046717637997,232.56477716806668,109.23179932364
UH304,7.0080446390099995,2661.89661547664,296.2246971031,63.60786629088999,65.96207902526001,208.70056969028002,236.3367874008833,108.85614840714001
UH_2500,5.006128175050001,2189.18964079138,258.0950307458556,65.01474905290999,69.04549130355,210.91146778262,237.57797271376663,108.81765850532
UH_6102,6.48482724429,2523.47049100277,290.8049089578444,63.735975859259995,66.50216242196,214.56768681827998,236.62697235251667,109.04240147491001
UH_6179,6.552480128819999,2489.86188418786,293.8919606197222,63.42332005459,66.67687317148999,219.76253312292002,250.30648142563334,114.90603265611999
UH_P024,7.13164346214,2638.3097356667,307.2022776324777,63.254897325620014,66.13341431014001,217.26951154299,248.63959289954997,107.56528732539
UH_P060,6.152850943660001,2348.71370718287,289.84401317544445,63.53302734679001,66.89035706787999,210.41098399439002,235.23528213085,107.14887843881999
UH_P064,6.81195409962,2407.18268358046,311.10393303859996,64.60214578739999,66.78901578701999,218.02813401317002,252.3328077696833,115.07618155321002
UH_P074,6.61609489846,2378.0477072394597,304.51574576501105,62.995258548699994,65.93908616822,212.28511290551,236.66594995148338,112.79384159902001
UH_P087,5.814846812210001,2184.3323202049496,302.77979997063335,63.203014021870004,66.13903318663999,214.5291639184,237.81861968673334,113.82117694014998
UH_P089,6.812306269999999,2656.47037959894,289.38552048968893,65.11998833518001,69.36600850981,210.39296327313,242.4952082588167,107.73858282687999
UH_P104,6.1809354482000005,2321.9049793500803,287.6960089815889,61.881641166529995,64.36637458157,209.62462021767996,235.50937302305002,108.45324026842002
UH_P115,6.65066732503,2660.47458979326,274.88941164853327,64.41245265049,67.50760907904001,217.79011149553997,245.90783042046667,115.60395605674
UH_P128,6.79240766063,2477.27307150834,304.1610558973667,64.21827987029,68.02038843718,212.87784100312996,238.8995256465,113.78107756085001
UH_P148,6.9323445259300005,2461.7855905319298,314.42341970431113,63.548640463449985,66.27044027283999,209.39587422204,239.17208079761664,103.75628150068
UH_S018,7.2088258981900015,2985.7865968741303,276.1924419777222,66.92385730406,71.98702906653,219.85586665070997,240.80534259433333,118.42293975537
UH_S020,7.242590004760001,2749.80886785071,297.6400015572333,68.24168567041,71.73752123787,224.7558736381,252.88141760785,124.93817060302999
UH_S025,6.646692145690001,2625.4856243180598,279.00564865909996,64.76908647729,67.99813137851999,214.43172934354,239.16632873221667,109.99559459254002
Va26,6.947807480520001,2771.6814278596503,296.65820828234445,66.48643377525,71.03727713008999,231.93837094828,254.61173053271668,120.66188946718998
W117,5.697004042190001,2153.4411215205596,289.47404250478894,62.610902315950014,67.69276437834,200.37654553126998,228.1827301053,102.99218568136
W153R,6.17404331819,2232.00734142026,310.02298549373324,63.46168145733001,68.14716162315,216.42081716114998,235.53520055881668,112.06603461826
W182E,5.50895179644,2029.6855768309501,302.71858289091114,62.34308390617001,65.23734859835,206.87111900941,229.27856952674998,105.97540003569
W23,5.19689769264,2369.92444178051,253.63209887736664,66.15896867811,70.56214322296002,228.91732852724,249.4488173873,119.65432320695
W602S,6.13129612784,2781.43644647983,262.94257571242224,65.61163445762,71.50548989562999,213.98948739447002,238.13530590900004,114.31413757863001
W604S,6.49316149588,2465.32800470049,302.8157977647556,68.16543567050999,71.25618025954,218.38512537794,249.15763971703333,116.46794525349
W64A,6.386390061920001,2560.87136826087,294.35463814802216,65.58595535708001,69.24728807859,208.37714604420998,237.07797565515,107.66631679438001
W9,5.06149039391,2346.4677102958904,246.16372629798883,63.53932778295001,68.09117348699002,210.12704374952,232.93422630864998,106.58260560922
W95115,5.621730096290001,2142.0868208088095,292.2169945484889,65.30447610064002,69.83294308134,208.49357376127,229.96348351568335,105.21156152683
Wf9,6.2723466753000015,2454.59209392214,299.68114865441106,66.77988119763,71.88345408911002,219.63927109462003,246.86201418073335,113.07037169328001
