sample,Bd3,Bd12,Bd17,Ng6,Ng8,Ng9,Ng10,Ng15,Ng18,Ng33
A-9,1/1,1/1,1/1,2/2,1/1,2/2,2/2,1/1,1/1,1/1
B-1,1/1,1/1,0/0,2/2,1/1,2/2,1/1,1/1,1/1,1/1
B-2,1/1,1/1,1/1,2/2,1/1,3/3,1/1,0/0,0/0,1/1
B-3,2/2,1/1,1/1,1/1,1/1,3/3,1/1,1/1,3/3,0/0
B-4,1/1,1/1,0/0,2/2,1/1,3/3,2/2,1/1,1/1,1/1
B-7,7/7,1/1,0/0,2/2,1/1,2/2,1/1,1/1,3/3,0/0
B-9B,0/0,1/1,3/3,2/2,1/1,4/4,1/1,1/1,1/1,1/1
B-10,2/2,1/1,1/1,1/1,1/1,4/4,1/1,1/1,1/1,1/1
B-11,3/3,3/3,0/0,1/1,2/2,3/3,4/4,1/1,0/0,1/1
C-1,6/6,1/1,2/2,2/2,1/1,3/3,1/1,1/1,1/1,1/1
C-2,4/4,2/2,1/1,0/0,1/1,3/3,3/3,1/1,5/5,1/1
C-4,2/2,1/1,0/0,2/2,1/1,2/2,2/2,1/1,1/1,3/3
C-5,4/4,2/2,1/1,1/1,1/1,1/1,2/2,1/1,2/2,5/5
C-7,2/2,5/5,1/1,3/3,1/1,1/1,4/4,1/1,3/3,2/2
C-9,2/2,1/1,1/1,2/2,1/1,1/1,4/4,1/1,7/7,2/2
C-alfa,1/1,1/1,0/0,2/2,1/1,3/3,2/2,2/2,1/1,0/0
C-F,1/1,1/1,1/1,2/2,1/1,3/3,2/2,1/1,1/1,1/1
C-G,2/2,1/1,1/1,1/1,1/1,2/2,2/2,1/1,1/1,1/1
C-H,3/3,6/6,1/1,4/4,3/3,1/1,4/4,2/2,2/2,1/1
C-J,3/3,3/3,0/0,1/1,1/1,1/1,4/4,1/1,4/4,1/1
C-K,3/3,0/0,0/0,0/0,1/1,1/1,4/4,1/1,4/4,1/1
D-2,1/1,1/1,1/1,2/2,1/1,3/3,3/3,1/1,1/1,1/1
D-3,1/1,0/0,1/1,2/2,1/1,3/3,2/2,1/1,1/1,1/1
D-4,0/0,0/0,2/2,3/3,1/1,1/1,1/1,2/2,3/3,0/0
D-5,4/4,2/2,1/1,1/1,3/3,1/1,3/3,2/2,2/2,1/1
D-6,4/4,2/2,0/0,1/1,1/1,1/1,3/3,2/2,2/2,0/0
D-7,1/1,1/1,0/0,3/3,1/1,1/1,1/1,2/2,3/3,3/3
D-8,1/1,1/1,1/1,0/0,1/1,2/2,3/3,4/4,1/1,1/1
D-9,1/1,1/1,0/0,0/0,1/1,2/2,1/1,1/1,1/1,1/1
D-10,1/1,1/1,1/1,0/0,1/1,2/2,3/3,1/1,1/1,1/1
D-11,1/1,1/1,1/1,2/2,1/1,2/2,1/1,1/1,1/1,1/1
D-12,2/2,1/1,0/0,3/3,1/1,1/1,1/1,2/2,3/3,2/2
D-13,1/1,1/1,0/0,2/2,1/1,2/2,2/2,1/1,1/1,1/1
D-14,4/4,2/2,1/1,1/1,1/1,1/1,2/2,2/2,2/2,1/1
D-3.5,4/4,2/2,0/0,1/1,1/1,1/1,3/3,1/1,2/2,0/0
D-beta,4/4,2/2,1/1,1/1,1/1,1/1,3/3,2/2,2/2,1/1
E-1,3/3,0/0,1/1,1/1,2/2,1/1,1/1,5/5,0/0,0/0
E-4,10/10,3/3,0/0,0/0,1/1,2/2,3/3,2/2,6/6,6/6
E-6,9/9,1/1,1/1,1/1,4/4,1/1,4/4,2/2,4/4,1/1
E-7,3/3,3/3,1/1,1/1,1/1,1/1,4/4,1/1,0/0,1/1
E-8,3/3,1/1,1/1,1/1,2/2,1/1,4/4,1/1,5/5,1/1
E-9,3/3,1/1,1/1,1/1,3/3,1/1,1/1,1/1,0/0,1/1
E-17,2/2,1/1,1/1,2/2,0/0,3/3,3/3,2/2,1/1,0/0
E-18,3/3,1/1,1/1,1/1,1/1,1/1,1/1,1/1,5/5,1/1
E-19,1/1,1/1,0/0,2/2,0/0,2/2,1/1,1/1,1/1,0/0
E-21,1/1,1/1,1/1,1/1,1/1,2/2,2/2,2/2,1/1,1/1
E-22,2/2,1/1,1/1,2/2,1/1,2/2,2/2,1/1,0/0,1/1
E-23,1/1,1/1,0/0,2/2,1/1,3/3,2/2,1/1,8/8,1/1
F-4,0/0,1/1,0/0,4/4,1/1,1/1,2/2,0/0,11/11,1/1
F-6,2/2,1/1,0/0,2/2,1/1,3/3,1/1,1/1,1/1,0/0
F-13,3/3,4/4,1/1,1/1,0/0,1/1,5/5,1/1,10/10,1/1
F-17,3/3,1/1,0/0,1/1,1/1,1/1,1/1,1/1,4/4,1/1
F-18,2/2,1/1,1/1,1/1,0/0,1/1,4/4,1/1,12/12,1/1
F-I,3/3,1/1,0/0,1/1,1/1,1/1,4/4,1/1,4/4,1/1
G-8,5/5,2/2,0/0,1/1,1/1,1/1,2/2,2/2,2/2,1/1
G-10,0/0,1/1,1/1,1/1,1/1,2/2,6/6,3/3,9/9,1/1
G-11,5/5,1/1,1/1,2/2,1/1,3/3,2/2,1/1,1/1,1/1
G-14,2/2,1/1,1/1,2/2,1/1,3/3,2/2,1/1,1/1,1/1
G-15,6/6,1/1,0/0,2/2,1/1,2/2,1/1,1/1,0/0,1/1
G-16,7/7,1/1,0/0,2/2,1/1,3/3,4/4,2/2,1/1,0/0
G-17,8/8,7/7,1/1,1/1,0/0,2/2,0/0,3/3,0/0,0/0
G-18,1/1,1/1,1/1,2/2,1/1,3/3,2/2,1/1,1/1,1/1
G-21,3/3,4/4,1/1,1/1,2/2,2/2,4/4,1/1,4/4,1/1
H-27,2/2,1/1,0/0,2/2,1/1,3/3,2/2,1/1,1/1,1/1
H-29,3/3,4/4,4/4,2/2,1/1,2/2,1/1,1/1,1/1,2/2
H-30,2/2,0/0,1/1,0/0,1/1,3/3,1/1,2/2,1/1,1/1
H-33,3/3,1/1,1/1,1/1,1/1,4/4,4/4,1/1,5/5,1/1
H-36,1/1,1/1,1/1,2/2,1/1,3/3,2/2,1/1,1/1,1/1
H-38,2/2,1/1,0/0,1/1,1/1,4/4,1/1,1/1,1/1,4/4
H-39,2/2,1/1,0/0,2/2,1/1,2/2,1/1,1/1,3/3,2/2
