individual,RcAAT11,RcAAAG14,AsÎ¼15,RcAAAG406,RcAAAG410,RcGT257
R_icteronotus_02,10/10,32/67,38/41,60/60,73/73,5/5
R_icteronotus_04,12/17,67/69,36/41,60/66,70/73,3/3
R_icteronotus_05,6/10,67/69,36/41,60/66,73/81,3/3
R_icteronotus_06,15/17,30/83,40/41,60/60,72/73,6/6
R_icteronotus_07,17/22,83/92,37/38,60/64,70/72,6/6
R_icteronotus_08,15/15,49/67,37/38,60/66,72/73,16/16
R_icteronotus_09,8/15,57/67,26/38,60/66,72/73,16/16
R_icteronotus_10,15/22,37/91,38/41,60/64,67/70,6/6
R_icteronotus_11,12/17,67/69,36/37,60/60,69/70,6/6
R_icteronotus_12,17/21,69/80,36/41,60/66,70/73,11/11
R_icteronotus_13,12/21,80/106,37/41,64/66,65/73,11/11
R_icteronotus_14,6/10,57/83,41/41,60/60,70/75,7/7
R_icteronotus_15,12/17,57/75,36/41,60/66,72/80,15/15
R_icteronotus_16,12/17,46/72,41/44,60/60,72/81,6/6
R_icteronotus_17,10/10,67/80,28/37,64/66,70/80,7/7
R_icteronotus_18,6/10,67/67,32/37,54/66,69/70,6/6
R_icteronotus_22,15/15,67/78,36/36,60/66,72/73,10/10
R_icteronotus_23,12/17,67/67,37/37,60/64,70/75,15/15
R_icteronotus_24,21/31,69/72,26/45,62/66,72/76,27/27
R_icteronotus_26,15/22,59/80,32/41,54/60,70/73,11/11
R_icteronotus_28,6/10,67/72,37/41,60/66,72/75,5/10
R_icteronotus_50,6/10,67/103,32/37,60/64,69/72,10/10
R_icteronotus_51,6/10,67/103,32/36,64/66,69/72,5/31
R_icteronotus_52,10/15,49/78,36/41,60/64,70/72,5/10
R_icteronotus_53,6/10,67/83,28/37,64/66,73/73,6/6
R_dimidiatus_20,12/17,32/67,37/40,82/86,72/72,5/5
R_dimidiatus_21,8/12,51/117,32/44,71/84,72/73,5/15
R_dimidiatus_24,19/24,65/75,38/40,77/79,72/72,6/6
R_dimidiatus_27,19/27,32/32,32/40,86/86,72/99,5/5
R_dimidiatus_30,19/22,93/113,32/38,74/77,89/94,10/10
R_dimidiatus_33,27/36,49/85,32/32,71/71,72/72,6/6
R_dimidiatus_36,19/27,55/91,33/50,90/111,87/87,10/10
RR_dimidiatus_37,24/24,89/115,37/38,71/79,72/72,11/11
R_dimidiatus_38,22/36,80/80,43/49,62/90,100/100,5/5
R_dimidiatus_40,21/27,65/92,32/38,58/62,104/107,11/11
R_dimidiatus_41,24/32,53/65,38/44,77/79,72/99,11/11
R_dimidiatus_42,19/21,49/87,26/32,77/108,65/72,11/11
R_dimidiatus_43,22/24,55/59,30/32,71/109,65/72,5/31
R_dimidiatus_44,22/27,32/72,32/42,64/86,70/99,9/9
R_dimidiatus_45,17/22,57/72,42/45,68/71,65/72,13/13
R_dimidiatus_47,24/24,72/95,40/40,77/82,72/96,6/7
R_dimidiatus_49,27/31,30/102,40/45,74/82,65/65,6/6
R_dimidiatus_52,19/21,46/65,43/50,60/64,65/65,5/5
R_dimidiatus_53,22/24,63/80,49/52,68/86,65/70,5/11
R_dimidiatus_59,17/19,89/91,44/49,74/79,72/72,5/34
R_dimidiatus_65,12/17,83/91,43/45,66/79,72/72,6/25
R_dimidiatus_66,15/19,55/61,44/50,82/82,65/73,16/16
R_dimidiatus_67,21/24,49/98,36/36,82/88,65/72,9/9
R_dimidiatus_68,12/17,92/116,32/49,79/88,94/94,5/25
R_dimidiatus_69,22/24,20/92,41/49,84/88,56/70,5/25
R_dimidiatus_70,19/22,32/89,32/40,71/88,72/72,11/11
R_dimidiatus_72,19/22,51/69,36/38,64/105,65/70,13/13
R_dimidiatus_74,10/15,28/110,42/47,66/74,72/75,27/27
R_dimidiatus_76,21/21,92/102,36/37,71/79,96/96,5/23
R_dimidiatus_77,12/17,112/112,36/40,62/109,70/72,7/16
R_dimidiatus_78,19/24,87/87,35/36,71/109,70/72,16/16
R_dimidiatus_80,22/32,80/83,43/50,71/71,65/70,18/18
R_dimidiatus_83,17/32,28/83,43/47,66/71,65/75,0/0
R_dimidiatus_84,21/32,53/80,32/48,82/109,72/97,0/0
R_dimidiatus_85,19/32,14/20,41/43,71/82,70/70,9/9
R_dimidiatus_86,19/32,57/72,32/42,84/86,70/93,7/19
R_dimidiatus_90,19/32,28/49,32/32,62/79,72/72,1/27
R_dimidiatus_98,8/32,91/98,36/49,82/84,72/96,6/13
R_dimidiatus_102,19/32,49/75,47/48,77/82,72/72,2/2
R_dimidiatus_106,19/32,72/93,40/44,64/82,89/89,15/19
R_dimidiatus_200,12/32,53/55,44/50,71/88,65/65,7/7
R_dimidiatus_201,15/32,83/97,36/38,79/82,70/101,6/39
R_dimidiatus_203,21/32,83/89,36/42,60/79,70/72,7/29
R_dimidiatus_204,4/32,92/114,35/36,77/84,73/87,5/16
R_dimidiatus_205,19/32,67/67,32/41,71/74,70/73,5/5
