pair,relatedness
R_icteronotus_02_R_icteronotus_04,0.0
R_icteronotus_02_R_icteronotus_05,0.0
R_icteronotus_02_R_icteronotus_06,0.1667
R_icteronotus_02_R_icteronotus_07,0.0
R_icteronotus_02_R_icteronotus_08,0.0
R_icteronotus_02_R_icteronotus_09,0.0
R_icteronotus_02_R_icteronotus_10,0.1667
R_icteronotus_02_R_icteronotus_11,0.1667
R_icteronotus_02_R_icteronotus_12,0.0
R_icteronotus_02_R_icteronotus_13,0.0
R_icteronotus_02_R_icteronotus_14,0.1667
R_icteronotus_02_R_icteronotus_15,0.0
R_icteronotus_02_R_icteronotus_16,0.1667
R_icteronotus_02_R_icteronotus_17,0.1667
R_icteronotus_02_R_icteronotus_18,0.0
R_icteronotus_02_R_icteronotus_22,0.0
R_icteronotus_02_R_icteronotus_23,0.0
R_icteronotus_02_R_icteronotus_24,0.0
R_icteronotus_02_R_icteronotus_26,0.0
R_icteronotus_02_R_icteronotus_28,0.0
R_icteronotus_02_R_icteronotus_50,0.0
R_icteronotus_02_R_icteronotus_51,0.0
R_icteronotus_02_R_icteronotus_52,0.0
R_icteronotus_02_R_icteronotus_53,0.1667
R_icteronotus_02_R_dimidiatus_20,0.3333
R_icteronotus_02_R_dimidiatus_21,0.0
R_icteronotus_02_R_dimidiatus_24,0.0
R_icteronotus_02_R_dimidiatus_27,0.1667
R_icteronotus_02_R_dimidiatus_30,0.0
R_icteronotus_02_R_dimidiatus_33,0.0
R_icteronotus_02_R_dimidiatus_36,0.0
R_icteronotus_02_RR_dimidiatus_37,0.0
R_icteronotus_02_R_dimidiatus_38,0.1667
R_icteronotus_02_R_dimidiatus_40,0.0
R_icteronotus_02_R_dimidiatus_41,0.0
R_icteronotus_02_R_dimidiatus_42,0.0
R_icteronotus_02_R_dimidiatus_43,0.0
R_icteronotus_02_R_dimidiatus_44,0.0
R_icteronotus_02_R_dimidiatus_45,0.0
R_icteronotus_02_R_dimidiatus_47,0.0
R_icteronotus_02_R_dimidiatus_49,0.0
R_icteronotus_02_R_dimidiatus_52,0.1667
R_icteronotus_02_R_dimidiatus_53,0.0
R_icteronotus_02_R_dimidiatus_59,0.0
R_icteronotus_02_R_dimidiatus_65,0.0
R_icteronotus_02_R_dimidiatus_66,0.0
R_icteronotus_02_R_dimidiatus_67,0.0
R_icteronotus_02_R_dimidiatus_68,0.0
R_icteronotus_02_R_dimidiatus_69,0.0
R_icteronotus_02_R_dimidiatus_70,0.0
R_icteronotus_02_R_dimidiatus_72,0.0
R_icteronotus_02_R_dimidiatus_74,0.0
R_icteronotus_02_R_dimidiatus_76,0.0
R_icteronotus_02_R_dimidiatus_77,0.0
R_icteronotus_02_R_dimidiatus_78,0.0
R_icteronotus_02_R_dimidiatus_80,0.0
R_icteronotus_02_R_dimidiatus_83,0.0
R_icteronotus_02_R_dimidiatus_84,0.0
R_icteronotus_02_R_dimidiatus_85,0.0
R_icteronotus_02_R_dimidiatus_86,0.0
R_icteronotus_02_R_dimidiatus_90,0.0
R_icteronotus_02_R_dimidiatus_98,0.0
R_icteronotus_02_R_dimidiatus_102,0.0
R_icteronotus_02_R_dimidiatus_106,0.0
R_icteronotus_02_R_dimidiatus_200,0.0
R_icteronotus_02_R_dimidiatus_201,0.0
R_icteronotus_02_R_dimidiatus_203,0.0
R_icteronotus_02_R_dimidiatus_204,0.0
R_icteronotus_02_R_dimidiatus_205,0.1667
R_icteronotus_04_R_icteronotus_05,0.6667
R_icteronotus_04_R_icteronotus_06,0.0
R_icteronotus_04_R_icteronotus_07,0.0
R_icteronotus_04_R_icteronotus_08,0.1667
R_icteronotus_04_R_icteronotus_09,0.1667
R_icteronotus_04_R_icteronotus_10,0.0
R_icteronotus_04_R_icteronotus_11,0.3333
R_icteronotus_04_R_icteronotus_12,0.5
R_icteronotus_04_R_icteronotus_13,0.0
R_icteronotus_04_R_icteronotus_14,0.0
R_icteronotus_04_R_icteronotus_15,0.5
R_icteronotus_04_R_icteronotus_16,0.1667
R_icteronotus_04_R_icteronotus_17,0.0
R_icteronotus_04_R_icteronotus_18,0.0
R_icteronotus_04_R_icteronotus_22,0.1667
R_icteronotus_04_R_icteronotus_23,0.1667
R_icteronotus_04_R_icteronotus_24,0.0
R_icteronotus_04_R_icteronotus_26,0.1667
R_icteronotus_04_R_icteronotus_28,0.1667
R_icteronotus_04_R_icteronotus_50,0.0
R_icteronotus_04_R_icteronotus_51,0.0
R_icteronotus_04_R_icteronotus_52,0.1667
R_icteronotus_04_R_icteronotus_53,0.0
R_icteronotus_04_R_dimidiatus_20,0.1667
R_icteronotus_04_R_dimidiatus_21,0.0
R_icteronotus_04_R_dimidiatus_24,0.0
R_icteronotus_04_R_dimidiatus_27,0.0
R_icteronotus_04_R_dimidiatus_30,0.0
R_icteronotus_04_R_dimidiatus_33,0.0
R_icteronotus_04_R_dimidiatus_36,0.0
R_icteronotus_04_RR_dimidiatus_37,0.0
R_icteronotus_04_R_dimidiatus_38,0.0
R_icteronotus_04_R_dimidiatus_40,0.0
R_icteronotus_04_R_dimidiatus_41,0.0
R_icteronotus_04_R_dimidiatus_42,0.0
R_icteronotus_04_R_dimidiatus_43,0.0
R_icteronotus_04_R_dimidiatus_44,0.0
R_icteronotus_04_R_dimidiatus_45,0.0
R_icteronotus_04_R_dimidiatus_47,0.0
R_icteronotus_04_R_dimidiatus_49,0.0
R_icteronotus_04_R_dimidiatus_52,0.0
R_icteronotus_04_R_dimidiatus_53,0.0
R_icteronotus_04_R_dimidiatus_59,0.0
R_icteronotus_04_R_dimidiatus_65,0.1667
R_icteronotus_04_R_dimidiatus_66,0.0
R_icteronotus_04_R_dimidiatus_67,0.0
R_icteronotus_04_R_dimidiatus_68,0.1667
R_icteronotus_04_R_dimidiatus_69,0.0
R_icteronotus_04_R_dimidiatus_70,0.0
R_icteronotus_04_R_dimidiatus_72,0.0
R_icteronotus_04_R_dimidiatus_74,0.0
R_icteronotus_04_R_dimidiatus_76,0.0
R_icteronotus_04_R_dimidiatus_77,0.1667
R_icteronotus_04_R_dimidiatus_78,0.0
R_icteronotus_04_R_dimidiatus_80,0.0
R_icteronotus_04_R_dimidiatus_83,0.0
R_icteronotus_04_R_dimidiatus_84,0.0
R_icteronotus_04_R_dimidiatus_85,0.0
R_icteronotus_04_R_dimidiatus_86,0.0
R_icteronotus_04_R_dimidiatus_90,0.0
R_icteronotus_04_R_dimidiatus_98,0.0
R_icteronotus_04_R_dimidiatus_102,0.0
R_icteronotus_04_R_dimidiatus_106,0.0
R_icteronotus_04_R_dimidiatus_200,0.0
R_icteronotus_04_R_dimidiatus_201,0.0
R_icteronotus_04_R_dimidiatus_203,0.0
R_icteronotus_04_R_dimidiatus_204,0.0
R_icteronotus_04_R_dimidiatus_205,0.1667
R_icteronotus_05_R_icteronotus_06,0.0
R_icteronotus_05_R_icteronotus_07,0.0
R_icteronotus_05_R_icteronotus_08,0.1667
R_icteronotus_05_R_icteronotus_09,0.1667
R_icteronotus_05_R_icteronotus_10,0.0
R_icteronotus_05_R_icteronotus_11,0.1667
R_icteronotus_05_R_icteronotus_12,0.3333
R_icteronotus_05_R_icteronotus_13,0.0
R_icteronotus_05_R_icteronotus_14,0.1667
R_icteronotus_05_R_icteronotus_15,0.3333
R_icteronotus_05_R_icteronotus_16,0.0
R_icteronotus_05_R_icteronotus_17,0.0
R_icteronotus_05_R_icteronotus_18,0.1667
R_icteronotus_05_R_icteronotus_22,0.1667
R_icteronotus_05_R_icteronotus_23,0.0
R_icteronotus_05_R_icteronotus_24,0.0
R_icteronotus_05_R_icteronotus_26,0.0
R_icteronotus_05_R_icteronotus_28,0.3333
R_icteronotus_05_R_icteronotus_50,0.1667
R_icteronotus_05_R_icteronotus_51,0.1667
R_icteronotus_05_R_icteronotus_52,0.1667
R_icteronotus_05_R_icteronotus_53,0.1667
R_icteronotus_05_R_dimidiatus_20,0.0
R_icteronotus_05_R_dimidiatus_21,0.0
R_icteronotus_05_R_dimidiatus_24,0.0
R_icteronotus_05_R_dimidiatus_27,0.0
R_icteronotus_05_R_dimidiatus_30,0.0
R_icteronotus_05_R_dimidiatus_33,0.0
R_icteronotus_05_R_dimidiatus_36,0.0
R_icteronotus_05_RR_dimidiatus_37,0.0
R_icteronotus_05_R_dimidiatus_38,0.0
R_icteronotus_05_R_dimidiatus_40,0.0
R_icteronotus_05_R_dimidiatus_41,0.0
R_icteronotus_05_R_dimidiatus_42,0.0
R_icteronotus_05_R_dimidiatus_43,0.0
R_icteronotus_05_R_dimidiatus_44,0.0
R_icteronotus_05_R_dimidiatus_45,0.0
R_icteronotus_05_R_dimidiatus_47,0.0
R_icteronotus_05_R_dimidiatus_49,0.0
R_icteronotus_05_R_dimidiatus_52,0.0
R_icteronotus_05_R_dimidiatus_53,0.0
R_icteronotus_05_R_dimidiatus_59,0.0
R_icteronotus_05_R_dimidiatus_65,0.0
R_icteronotus_05_R_dimidiatus_66,0.0
R_icteronotus_05_R_dimidiatus_67,0.0
R_icteronotus_05_R_dimidiatus_68,0.0
R_icteronotus_05_R_dimidiatus_69,0.0
R_icteronotus_05_R_dimidiatus_70,0.0
R_icteronotus_05_R_dimidiatus_72,0.0
R_icteronotus_05_R_dimidiatus_74,0.0
R_icteronotus_05_R_dimidiatus_76,0.0
R_icteronotus_05_R_dimidiatus_77,0.0
R_icteronotus_05_R_dimidiatus_78,0.0
R_icteronotus_05_R_dimidiatus_80,0.0
R_icteronotus_05_R_dimidiatus_83,0.0
R_icteronotus_05_R_dimidiatus_84,0.0
R_icteronotus_05_R_dimidiatus_85,0.0
R_icteronotus_05_R_dimidiatus_86,0.0
R_icteronotus_05_R_dimidiatus_90,0.0
R_icteronotus_05_R_dimidiatus_98,0.0
R_icteronotus_05_R_dimidiatus_102,0.0
R_icteronotus_05_R_dimidiatus_106,0.0
R_icteronotus_05_R_dimidiatus_200,0.0
R_icteronotus_05_R_dimidiatus_201,0.0
R_icteronotus_05_R_dimidiatus_203,0.0
R_icteronotus_05_R_dimidiatus_204,0.0
R_icteronotus_05_R_dimidiatus_205,0.0
R_icteronotus_06_R_icteronotus_07,0.1667
R_icteronotus_06_R_icteronotus_08,0.1667
R_icteronotus_06_R_icteronotus_09,0.1667
R_icteronotus_06_R_icteronotus_10,0.1667
R_icteronotus_06_R_icteronotus_11,0.3333
R_icteronotus_06_R_icteronotus_12,0.0
R_icteronotus_06_R_icteronotus_13,0.0
R_icteronotus_06_R_icteronotus_14,0.1667
R_icteronotus_06_R_icteronotus_15,0.0
R_icteronotus_06_R_icteronotus_16,0.3333
R_icteronotus_06_R_icteronotus_17,0.0
R_icteronotus_06_R_icteronotus_18,0.1667
R_icteronotus_06_R_icteronotus_22,0.1667
R_icteronotus_06_R_icteronotus_23,0.0
R_icteronotus_06_R_icteronotus_24,0.0
R_icteronotus_06_R_icteronotus_26,0.0
R_icteronotus_06_R_icteronotus_28,0.0
R_icteronotus_06_R_icteronotus_50,0.0
R_icteronotus_06_R_icteronotus_51,0.0
R_icteronotus_06_R_icteronotus_52,0.0
R_icteronotus_06_R_icteronotus_53,0.1667
R_icteronotus_06_R_dimidiatus_20,0.0
R_icteronotus_06_R_dimidiatus_21,0.1667
R_icteronotus_06_R_dimidiatus_24,0.1667
R_icteronotus_06_R_dimidiatus_27,0.0
R_icteronotus_06_R_dimidiatus_30,0.0
R_icteronotus_06_R_dimidiatus_33,0.1667
R_icteronotus_06_R_dimidiatus_36,0.0
R_icteronotus_06_RR_dimidiatus_37,0.0
R_icteronotus_06_R_dimidiatus_38,0.0
R_icteronotus_06_R_dimidiatus_40,0.0
R_icteronotus_06_R_dimidiatus_41,0.0
R_icteronotus_06_R_dimidiatus_42,0.0
R_icteronotus_06_R_dimidiatus_43,0.0
R_icteronotus_06_R_dimidiatus_44,0.0
R_icteronotus_06_R_dimidiatus_45,0.0
R_icteronotus_06_R_dimidiatus_47,0.0
R_icteronotus_06_R_dimidiatus_49,0.1667
R_icteronotus_06_R_dimidiatus_52,0.0
R_icteronotus_06_R_dimidiatus_53,0.0
R_icteronotus_06_R_dimidiatus_59,0.0
R_icteronotus_06_R_dimidiatus_65,0.0
R_icteronotus_06_R_dimidiatus_66,0.0
R_icteronotus_06_R_dimidiatus_67,0.0
R_icteronotus_06_R_dimidiatus_68,0.0
R_icteronotus_06_R_dimidiatus_69,0.0
R_icteronotus_06_R_dimidiatus_70,0.0
R_icteronotus_06_R_dimidiatus_72,0.0
R_icteronotus_06_R_dimidiatus_74,0.0
R_icteronotus_06_R_dimidiatus_76,0.0
R_icteronotus_06_R_dimidiatus_77,0.0
R_icteronotus_06_R_dimidiatus_78,0.0
R_icteronotus_06_R_dimidiatus_80,0.0
R_icteronotus_06_R_dimidiatus_83,0.0
R_icteronotus_06_R_dimidiatus_84,0.0
R_icteronotus_06_R_dimidiatus_85,0.0
R_icteronotus_06_R_dimidiatus_86,0.0
R_icteronotus_06_R_dimidiatus_90,0.0
R_icteronotus_06_R_dimidiatus_98,0.0
R_icteronotus_06_R_dimidiatus_102,0.0
R_icteronotus_06_R_dimidiatus_106,0.0
R_icteronotus_06_R_dimidiatus_200,0.0
R_icteronotus_06_R_dimidiatus_201,0.0
R_icteronotus_06_R_dimidiatus_203,0.0
R_icteronotus_06_R_dimidiatus_204,0.0
R_icteronotus_06_R_dimidiatus_205,0.0
R_icteronotus_07_R_icteronotus_08,0.1667
R_icteronotus_07_R_icteronotus_09,0.0
R_icteronotus_07_R_icteronotus_10,0.3333
R_icteronotus_07_R_icteronotus_11,0.1667
R_icteronotus_07_R_icteronotus_12,0.0
R_icteronotus_07_R_icteronotus_13,0.0
R_icteronotus_07_R_icteronotus_14,0.0
R_icteronotus_07_R_icteronotus_15,0.0
R_icteronotus_07_R_icteronotus_16,0.1667
R_icteronotus_07_R_icteronotus_17,0.0
R_icteronotus_07_R_icteronotus_18,0.1667
R_icteronotus_07_R_icteronotus_22,0.0
R_icteronotus_07_R_icteronotus_23,0.1667
R_icteronotus_07_R_icteronotus_24,0.0
R_icteronotus_07_R_icteronotus_26,0.0
R_icteronotus_07_R_icteronotus_28,0.0
R_icteronotus_07_R_icteronotus_50,0.1667
R_icteronotus_07_R_icteronotus_51,0.0
R_icteronotus_07_R_icteronotus_52,0.3333
R_icteronotus_07_R_icteronotus_53,0.1667
R_icteronotus_07_R_dimidiatus_20,0.0
R_icteronotus_07_R_dimidiatus_21,0.0
R_icteronotus_07_R_dimidiatus_24,0.1667
R_icteronotus_07_R_dimidiatus_27,0.0
R_icteronotus_07_R_dimidiatus_30,0.0
R_icteronotus_07_R_dimidiatus_33,0.1667
R_icteronotus_07_R_dimidiatus_36,0.0
R_icteronotus_07_RR_dimidiatus_37,0.1667
R_icteronotus_07_R_dimidiatus_38,0.0
R_icteronotus_07_R_dimidiatus_40,0.0
R_icteronotus_07_R_dimidiatus_41,0.0
R_icteronotus_07_R_dimidiatus_42,0.0
R_icteronotus_07_R_dimidiatus_43,0.0
R_icteronotus_07_R_dimidiatus_44,0.0
R_icteronotus_07_R_dimidiatus_45,0.1667
R_icteronotus_07_R_dimidiatus_47,0.0
R_icteronotus_07_R_dimidiatus_49,0.1667
R_icteronotus_07_R_dimidiatus_52,0.1667
R_icteronotus_07_R_dimidiatus_53,0.0
R_icteronotus_07_R_dimidiatus_59,0.0
R_icteronotus_07_R_dimidiatus_65,0.0
R_icteronotus_07_R_dimidiatus_66,0.0
R_icteronotus_07_R_dimidiatus_67,0.0
R_icteronotus_07_R_dimidiatus_68,0.0
R_icteronotus_07_R_dimidiatus_69,0.0
R_icteronotus_07_R_dimidiatus_70,0.0
R_icteronotus_07_R_dimidiatus_72,0.0
R_icteronotus_07_R_dimidiatus_74,0.0
R_icteronotus_07_R_dimidiatus_76,0.0
R_icteronotus_07_R_dimidiatus_77,0.1667
R_icteronotus_07_R_dimidiatus_78,0.1667
R_icteronotus_07_R_dimidiatus_80,0.0
R_icteronotus_07_R_dimidiatus_83,0.0
R_icteronotus_07_R_dimidiatus_84,0.0
R_icteronotus_07_R_dimidiatus_85,0.0
R_icteronotus_07_R_dimidiatus_86,0.0
R_icteronotus_07_R_dimidiatus_90,0.0
R_icteronotus_07_R_dimidiatus_98,0.0
R_icteronotus_07_R_dimidiatus_102,0.0
R_icteronotus_07_R_dimidiatus_106,0.0
R_icteronotus_07_R_dimidiatus_200,0.0
R_icteronotus_07_R_dimidiatus_201,0.0
R_icteronotus_07_R_dimidiatus_203,0.1667
R_icteronotus_07_R_dimidiatus_204,0.0
R_icteronotus_07_R_dimidiatus_205,0.0
R_icteronotus_08_R_icteronotus_09,0.5
R_icteronotus_08_R_icteronotus_10,0.0
R_icteronotus_08_R_icteronotus_11,0.0
R_icteronotus_08_R_icteronotus_12,0.1667
R_icteronotus_08_R_icteronotus_13,0.0
R_icteronotus_08_R_icteronotus_14,0.0
R_icteronotus_08_R_icteronotus_15,0.1667
R_icteronotus_08_R_icteronotus_16,0.0
R_icteronotus_08_R_icteronotus_17,0.0
R_icteronotus_08_R_icteronotus_18,0.0
R_icteronotus_08_R_icteronotus_22,0.5
R_icteronotus_08_R_icteronotus_23,0.0
R_icteronotus_08_R_icteronotus_24,0.0
R_icteronotus_08_R_icteronotus_26,0.0
R_icteronotus_08_R_icteronotus_28,0.1667
R_icteronotus_08_R_icteronotus_50,0.0
R_icteronotus_08_R_icteronotus_51,0.0
R_icteronotus_08_R_icteronotus_52,0.0
R_icteronotus_08_R_icteronotus_53,0.0
R_icteronotus_08_R_dimidiatus_20,0.0
R_icteronotus_08_R_dimidiatus_21,0.1667
R_icteronotus_08_R_dimidiatus_24,0.0
R_icteronotus_08_R_dimidiatus_27,0.0
R_icteronotus_08_R_dimidiatus_30,0.0
R_icteronotus_08_R_dimidiatus_33,0.0
R_icteronotus_08_R_dimidiatus_36,0.0
R_icteronotus_08_RR_dimidiatus_37,0.1667
R_icteronotus_08_R_dimidiatus_38,0.0
R_icteronotus_08_R_dimidiatus_40,0.0
R_icteronotus_08_R_dimidiatus_41,0.0
R_icteronotus_08_R_dimidiatus_42,0.0
R_icteronotus_08_R_dimidiatus_43,0.0
R_icteronotus_08_R_dimidiatus_44,0.0
R_icteronotus_08_R_dimidiatus_45,0.0
R_icteronotus_08_R_dimidiatus_47,0.0
R_icteronotus_08_R_dimidiatus_49,0.0
R_icteronotus_08_R_dimidiatus_52,0.0
R_icteronotus_08_R_dimidiatus_53,0.0
R_icteronotus_08_R_dimidiatus_59,0.0
R_icteronotus_08_R_dimidiatus_65,0.0
R_icteronotus_08_R_dimidiatus_66,0.1667
R_icteronotus_08_R_dimidiatus_67,0.0
R_icteronotus_08_R_dimidiatus_68,0.0
R_icteronotus_08_R_dimidiatus_69,0.0
R_icteronotus_08_R_dimidiatus_70,0.0
R_icteronotus_08_R_dimidiatus_72,0.0
R_icteronotus_08_R_dimidiatus_74,0.0
R_icteronotus_08_R_dimidiatus_76,0.0
R_icteronotus_08_R_dimidiatus_77,0.0
R_icteronotus_08_R_dimidiatus_78,0.1667
R_icteronotus_08_R_dimidiatus_80,0.0
R_icteronotus_08_R_dimidiatus_83,0.0
R_icteronotus_08_R_dimidiatus_84,0.0
R_icteronotus_08_R_dimidiatus_85,0.0
R_icteronotus_08_R_dimidiatus_86,0.0
R_icteronotus_08_R_dimidiatus_90,0.0
R_icteronotus_08_R_dimidiatus_98,0.0
R_icteronotus_08_R_dimidiatus_102,0.0
R_icteronotus_08_R_dimidiatus_106,0.0
R_icteronotus_08_R_dimidiatus_200,0.0
R_icteronotus_08_R_dimidiatus_201,0.0
R_icteronotus_08_R_dimidiatus_203,0.0
R_icteronotus_08_R_dimidiatus_204,0.0
R_icteronotus_08_R_dimidiatus_205,0.0
R_icteronotus_09_R_icteronotus_10,0.0
R_icteronotus_09_R_icteronotus_11,0.0
R_icteronotus_09_R_icteronotus_12,0.1667
R_icteronotus_09_R_icteronotus_13,0.0
R_icteronotus_09_R_icteronotus_14,0.0
R_icteronotus_09_R_icteronotus_15,0.1667
R_icteronotus_09_R_icteronotus_16,0.0
R_icteronotus_09_R_icteronotus_17,0.0
R_icteronotus_09_R_icteronotus_18,0.0
R_icteronotus_09_R_icteronotus_22,0.3333
R_icteronotus_09_R_icteronotus_23,0.0
R_icteronotus_09_R_icteronotus_24,0.0
R_icteronotus_09_R_icteronotus_26,0.0
R_icteronotus_09_R_icteronotus_28,0.1667
R_icteronotus_09_R_icteronotus_50,0.0
R_icteronotus_09_R_icteronotus_51,0.0
R_icteronotus_09_R_icteronotus_52,0.0
R_icteronotus_09_R_icteronotus_53,0.0
R_icteronotus_09_R_dimidiatus_20,0.0
R_icteronotus_09_R_dimidiatus_21,0.1667
R_icteronotus_09_R_dimidiatus_24,0.0
R_icteronotus_09_R_dimidiatus_27,0.0
R_icteronotus_09_R_dimidiatus_30,0.0
R_icteronotus_09_R_dimidiatus_33,0.0
R_icteronotus_09_R_dimidiatus_36,0.0
R_icteronotus_09_RR_dimidiatus_37,0.0
R_icteronotus_09_R_dimidiatus_38,0.0
R_icteronotus_09_R_dimidiatus_40,0.0
R_icteronotus_09_R_dimidiatus_41,0.0
R_icteronotus_09_R_dimidiatus_42,0.0
R_icteronotus_09_R_dimidiatus_43,0.0
R_icteronotus_09_R_dimidiatus_44,0.0
R_icteronotus_09_R_dimidiatus_45,0.0
R_icteronotus_09_R_dimidiatus_47,0.0
R_icteronotus_09_R_dimidiatus_49,0.0
R_icteronotus_09_R_dimidiatus_52,0.0
R_icteronotus_09_R_dimidiatus_53,0.0
R_icteronotus_09_R_dimidiatus_59,0.0
R_icteronotus_09_R_dimidiatus_65,0.0
R_icteronotus_09_R_dimidiatus_66,0.1667
R_icteronotus_09_R_dimidiatus_67,0.0
R_icteronotus_09_R_dimidiatus_68,0.0
R_icteronotus_09_R_dimidiatus_69,0.0
R_icteronotus_09_R_dimidiatus_70,0.0
R_icteronotus_09_R_dimidiatus_72,0.0
R_icteronotus_09_R_dimidiatus_74,0.0
R_icteronotus_09_R_dimidiatus_76,0.0
R_icteronotus_09_R_dimidiatus_77,0.0
R_icteronotus_09_R_dimidiatus_78,0.1667
R_icteronotus_09_R_dimidiatus_80,0.0
R_icteronotus_09_R_dimidiatus_83,0.0
R_icteronotus_09_R_dimidiatus_84,0.0
R_icteronotus_09_R_dimidiatus_85,0.0
R_icteronotus_09_R_dimidiatus_86,0.0
R_icteronotus_09_R_dimidiatus_90,0.0
R_icteronotus_09_R_dimidiatus_98,0.0
R_icteronotus_09_R_dimidiatus_102,0.0
R_icteronotus_09_R_dimidiatus_106,0.0
R_icteronotus_09_R_dimidiatus_200,0.0
R_icteronotus_09_R_dimidiatus_201,0.0
R_icteronotus_09_R_dimidiatus_203,0.0
R_icteronotus_09_R_dimidiatus_204,0.0
R_icteronotus_09_R_dimidiatus_205,0.0
R_icteronotus_10_R_icteronotus_11,0.1667
R_icteronotus_10_R_icteronotus_12,0.0
R_icteronotus_10_R_icteronotus_13,0.0
R_icteronotus_10_R_icteronotus_14,0.0
R_icteronotus_10_R_icteronotus_15,0.0
R_icteronotus_10_R_icteronotus_16,0.1667
R_icteronotus_10_R_icteronotus_17,0.0
R_icteronotus_10_R_icteronotus_18,0.1667
R_icteronotus_10_R_icteronotus_22,0.0
R_icteronotus_10_R_icteronotus_23,0.1667
R_icteronotus_10_R_icteronotus_24,0.0
R_icteronotus_10_R_icteronotus_26,0.1667
R_icteronotus_10_R_icteronotus_28,0.0
R_icteronotus_10_R_icteronotus_50,0.1667
R_icteronotus_10_R_icteronotus_51,0.0
R_icteronotus_10_R_icteronotus_52,0.1667
R_icteronotus_10_R_icteronotus_53,0.1667
R_icteronotus_10_R_dimidiatus_20,0.0
R_icteronotus_10_R_dimidiatus_21,0.0
R_icteronotus_10_R_dimidiatus_24,0.1667
R_icteronotus_10_R_dimidiatus_27,0.0
R_icteronotus_10_R_dimidiatus_30,0.0
R_icteronotus_10_R_dimidiatus_33,0.1667
R_icteronotus_10_R_dimidiatus_36,0.0
R_icteronotus_10_RR_dimidiatus_37,0.0
R_icteronotus_10_R_dimidiatus_38,0.0
R_icteronotus_10_R_dimidiatus_40,0.0
R_icteronotus_10_R_dimidiatus_41,0.0
R_icteronotus_10_R_dimidiatus_42,0.0
R_icteronotus_10_R_dimidiatus_43,0.0
R_icteronotus_10_R_dimidiatus_44,0.0
R_icteronotus_10_R_dimidiatus_45,0.0
R_icteronotus_10_R_dimidiatus_47,0.0
R_icteronotus_10_R_dimidiatus_49,0.1667
R_icteronotus_10_R_dimidiatus_52,0.1667
R_icteronotus_10_R_dimidiatus_53,0.0
R_icteronotus_10_R_dimidiatus_59,0.0
R_icteronotus_10_R_dimidiatus_65,0.0
R_icteronotus_10_R_dimidiatus_66,0.0
R_icteronotus_10_R_dimidiatus_67,0.0
R_icteronotus_10_R_dimidiatus_68,0.0
R_icteronotus_10_R_dimidiatus_69,0.0
R_icteronotus_10_R_dimidiatus_70,0.0
R_icteronotus_10_R_dimidiatus_72,0.0
R_icteronotus_10_R_dimidiatus_74,0.0
R_icteronotus_10_R_dimidiatus_76,0.0
R_icteronotus_10_R_dimidiatus_77,0.0
R_icteronotus_10_R_dimidiatus_78,0.0
R_icteronotus_10_R_dimidiatus_80,0.0
R_icteronotus_10_R_dimidiatus_83,0.0
R_icteronotus_10_R_dimidiatus_84,0.0
R_icteronotus_10_R_dimidiatus_85,0.0
R_icteronotus_10_R_dimidiatus_86,0.0
R_icteronotus_10_R_dimidiatus_90,0.0
R_icteronotus_10_R_dimidiatus_98,0.0
R_icteronotus_10_R_dimidiatus_102,0.0
R_icteronotus_10_R_dimidiatus_106,0.0
R_icteronotus_10_R_dimidiatus_200,0.0
R_icteronotus_10_R_dimidiatus_201,0.0
R_icteronotus_10_R_dimidiatus_203,0.0
R_icteronotus_10_R_dimidiatus_204,0.0
R_icteronotus_10_R_dimidiatus_205,0.0
R_icteronotus_11_R_icteronotus_12,0.0
R_icteronotus_11_R_icteronotus_13,0.0
R_icteronotus_11_R_icteronotus_14,0.1667
R_icteronotus_11_R_icteronotus_15,0.1667
R_icteronotus_11_R_icteronotus_16,0.5
R_icteronotus_11_R_icteronotus_17,0.0
R_icteronotus_11_R_icteronotus_18,0.3333
R_icteronotus_11_R_icteronotus_22,0.0
R_icteronotus_11_R_icteronotus_23,0.1667
R_icteronotus_11_R_icteronotus_24,0.0
R_icteronotus_11_R_icteronotus_26,0.0
R_icteronotus_11_R_icteronotus_28,0.0
R_icteronotus_11_R_icteronotus_50,0.0
R_icteronotus_11_R_icteronotus_51,0.0
R_icteronotus_11_R_icteronotus_52,0.0
R_icteronotus_11_R_icteronotus_53,0.1667
R_icteronotus_11_R_dimidiatus_20,0.1667
R_icteronotus_11_R_dimidiatus_21,0.0
R_icteronotus_11_R_dimidiatus_24,0.1667
R_icteronotus_11_R_dimidiatus_27,0.0
R_icteronotus_11_R_dimidiatus_30,0.0
R_icteronotus_11_R_dimidiatus_33,0.1667
R_icteronotus_11_R_dimidiatus_36,0.0
R_icteronotus_11_RR_dimidiatus_37,0.0
R_icteronotus_11_R_dimidiatus_38,0.0
R_icteronotus_11_R_dimidiatus_40,0.0
R_icteronotus_11_R_dimidiatus_41,0.0
R_icteronotus_11_R_dimidiatus_42,0.0
R_icteronotus_11_R_dimidiatus_43,0.0
R_icteronotus_11_R_dimidiatus_44,0.0
R_icteronotus_11_R_dimidiatus_45,0.0
R_icteronotus_11_R_dimidiatus_47,0.0
R_icteronotus_11_R_dimidiatus_49,0.1667
R_icteronotus_11_R_dimidiatus_52,0.0
R_icteronotus_11_R_dimidiatus_53,0.0
R_icteronotus_11_R_dimidiatus_59,0.0
R_icteronotus_11_R_dimidiatus_65,0.1667
R_icteronotus_11_R_dimidiatus_66,0.0
R_icteronotus_11_R_dimidiatus_67,0.0
R_icteronotus_11_R_dimidiatus_68,0.1667
R_icteronotus_11_R_dimidiatus_69,0.0
R_icteronotus_11_R_dimidiatus_70,0.0
R_icteronotus_11_R_dimidiatus_72,0.0
R_icteronotus_11_R_dimidiatus_74,0.0
R_icteronotus_11_R_dimidiatus_76,0.1667
R_icteronotus_11_R_dimidiatus_77,0.1667
R_icteronotus_11_R_dimidiatus_78,0.0
R_icteronotus_11_R_dimidiatus_80,0.0
R_icteronotus_11_R_dimidiatus_83,0.0
R_icteronotus_11_R_dimidiatus_84,0.0
R_icteronotus_11_R_dimidiatus_85,0.0
R_icteronotus_11_R_dimidiatus_86,0.0
R_icteronotus_11_R_dimidiatus_90,0.0
R_icteronotus_11_R_dimidiatus_98,0.0
R_icteronotus_11_R_dimidiatus_102,0.0
R_icteronotus_11_R_dimidiatus_106,0.0
R_icteronotus_11_R_dimidiatus_200,0.0
R_icteronotus_11_R_dimidiatus_201,0.0
R_icteronotus_11_R_dimidiatus_203,0.0
R_icteronotus_11_R_dimidiatus_204,0.0
R_icteronotus_11_R_dimidiatus_205,0.0
R_icteronotus_12_R_icteronotus_13,0.1667
R_icteronotus_12_R_icteronotus_14,0.0
R_icteronotus_12_R_icteronotus_15,0.3333
R_icteronotus_12_R_icteronotus_16,0.0
R_icteronotus_12_R_icteronotus_17,0.0
R_icteronotus_12_R_icteronotus_18,0.0
R_icteronotus_12_R_icteronotus_22,0.1667
R_icteronotus_12_R_icteronotus_23,0.0
R_icteronotus_12_R_icteronotus_24,0.0
R_icteronotus_12_R_icteronotus_26,0.3333
R_icteronotus_12_R_icteronotus_28,0.1667
R_icteronotus_12_R_icteronotus_50,0.0
R_icteronotus_12_R_icteronotus_51,0.0
R_icteronotus_12_R_icteronotus_52,0.1667
R_icteronotus_12_R_icteronotus_53,0.0
R_icteronotus_12_R_dimidiatus_20,0.0
R_icteronotus_12_R_dimidiatus_21,0.0
R_icteronotus_12_R_dimidiatus_24,0.0
R_icteronotus_12_R_dimidiatus_27,0.0
R_icteronotus_12_R_dimidiatus_30,0.0
R_icteronotus_12_R_dimidiatus_33,0.0
R_icteronotus_12_R_dimidiatus_36,0.0
R_icteronotus_12_RR_dimidiatus_37,0.1667
R_icteronotus_12_R_dimidiatus_38,0.0
R_icteronotus_12_R_dimidiatus_40,0.1667
R_icteronotus_12_R_dimidiatus_41,0.1667
R_icteronotus_12_R_dimidiatus_42,0.1667
R_icteronotus_12_R_dimidiatus_43,0.0
R_icteronotus_12_R_dimidiatus_44,0.0
R_icteronotus_12_R_dimidiatus_45,0.0
R_icteronotus_12_R_dimidiatus_47,0.0
R_icteronotus_12_R_dimidiatus_49,0.0
R_icteronotus_12_R_dimidiatus_52,0.0
R_icteronotus_12_R_dimidiatus_53,0.0
R_icteronotus_12_R_dimidiatus_59,0.0
R_icteronotus_12_R_dimidiatus_65,0.0
R_icteronotus_12_R_dimidiatus_66,0.0
R_icteronotus_12_R_dimidiatus_67,0.0
R_icteronotus_12_R_dimidiatus_68,0.0
R_icteronotus_12_R_dimidiatus_69,0.0
R_icteronotus_12_R_dimidiatus_70,0.1667
R_icteronotus_12_R_dimidiatus_72,0.0
R_icteronotus_12_R_dimidiatus_74,0.0
R_icteronotus_12_R_dimidiatus_76,0.0
R_icteronotus_12_R_dimidiatus_77,0.0
R_icteronotus_12_R_dimidiatus_78,0.0
R_icteronotus_12_R_dimidiatus_80,0.0
R_icteronotus_12_R_dimidiatus_83,0.0
R_icteronotus_12_R_dimidiatus_84,0.0
R_icteronotus_12_R_dimidiatus_85,0.0
R_icteronotus_12_R_dimidiatus_86,0.0
R_icteronotus_12_R_dimidiatus_90,0.0
R_icteronotus_12_R_dimidiatus_98,0.0
R_icteronotus_12_R_dimidiatus_102,0.0
R_icteronotus_12_R_dimidiatus_106,0.0
R_icteronotus_12_R_dimidiatus_200,0.0
R_icteronotus_12_R_dimidiatus_201,0.0
R_icteronotus_12_R_dimidiatus_203,0.0
R_icteronotus_12_R_dimidiatus_204,0.0
R_icteronotus_12_R_dimidiatus_205,0.1667
R_icteronotus_13_R_icteronotus_14,0.0
R_icteronotus_13_R_icteronotus_15,0.0
R_icteronotus_13_R_icteronotus_16,0.0
R_icteronotus_13_R_icteronotus_17,0.1667
R_icteronotus_13_R_icteronotus_18,0.0
R_icteronotus_13_R_icteronotus_22,0.0
R_icteronotus_13_R_icteronotus_23,0.0
R_icteronotus_13_R_icteronotus_24,0.0
R_icteronotus_13_R_icteronotus_26,0.1667
R_icteronotus_13_R_icteronotus_28,0.1667
R_icteronotus_13_R_icteronotus_50,0.0
R_icteronotus_13_R_icteronotus_51,0.1667
R_icteronotus_13_R_icteronotus_52,0.0
R_icteronotus_13_R_icteronotus_53,0.1667
R_icteronotus_13_R_dimidiatus_20,0.0
R_icteronotus_13_R_dimidiatus_21,0.0
R_icteronotus_13_R_dimidiatus_24,0.0
R_icteronotus_13_R_dimidiatus_27,0.0
R_icteronotus_13_R_dimidiatus_30,0.0
R_icteronotus_13_R_dimidiatus_33,0.0
R_icteronotus_13_R_dimidiatus_36,0.0
R_icteronotus_13_RR_dimidiatus_37,0.1667
R_icteronotus_13_R_dimidiatus_38,0.0
R_icteronotus_13_R_dimidiatus_40,0.1667
R_icteronotus_13_R_dimidiatus_41,0.1667
R_icteronotus_13_R_dimidiatus_42,0.1667
R_icteronotus_13_R_dimidiatus_43,0.0
R_icteronotus_13_R_dimidiatus_44,0.0
R_icteronotus_13_R_dimidiatus_45,0.0
R_icteronotus_13_R_dimidiatus_47,0.0
R_icteronotus_13_R_dimidiatus_49,0.0
R_icteronotus_13_R_dimidiatus_52,0.0
R_icteronotus_13_R_dimidiatus_53,0.0
R_icteronotus_13_R_dimidiatus_59,0.0
R_icteronotus_13_R_dimidiatus_65,0.0
R_icteronotus_13_R_dimidiatus_66,0.1667
R_icteronotus_13_R_dimidiatus_67,0.0
R_icteronotus_13_R_dimidiatus_68,0.0
R_icteronotus_13_R_dimidiatus_69,0.0
R_icteronotus_13_R_dimidiatus_70,0.1667
R_icteronotus_13_R_dimidiatus_72,0.0
R_icteronotus_13_R_dimidiatus_74,0.0
R_icteronotus_13_R_dimidiatus_76,0.0
R_icteronotus_13_R_dimidiatus_77,0.0
R_icteronotus_13_R_dimidiatus_78,0.0
R_icteronotus_13_R_dimidiatus_80,0.0
R_icteronotus_13_R_dimidiatus_83,0.0
R_icteronotus_13_R_dimidiatus_84,0.0
R_icteronotus_13_R_dimidiatus_85,0.0
R_icteronotus_13_R_dimidiatus_86,0.0
R_icteronotus_13_R_dimidiatus_90,0.0
R_icteronotus_13_R_dimidiatus_98,0.0
R_icteronotus_13_R_dimidiatus_102,0.0
R_icteronotus_13_R_dimidiatus_106,0.0
R_icteronotus_13_R_dimidiatus_200,0.0
R_icteronotus_13_R_dimidiatus_201,0.0
R_icteronotus_13_R_dimidiatus_203,0.0
R_icteronotus_13_R_dimidiatus_204,0.0
R_icteronotus_13_R_dimidiatus_205,0.0
R_icteronotus_14_R_icteronotus_15,0.0
R_icteronotus_14_R_icteronotus_16,0.1667
R_icteronotus_14_R_icteronotus_17,0.1667
R_icteronotus_14_R_icteronotus_18,0.1667
R_icteronotus_14_R_icteronotus_22,0.0
R_icteronotus_14_R_icteronotus_23,0.1667
R_icteronotus_14_R_icteronotus_24,0.0
R_icteronotus_14_R_icteronotus_26,0.0
R_icteronotus_14_R_icteronotus_28,0.1667
R_icteronotus_14_R_icteronotus_50,0.1667
R_icteronotus_14_R_icteronotus_51,0.1667
R_icteronotus_14_R_icteronotus_52,0.0
R_icteronotus_14_R_icteronotus_53,0.1667
R_icteronotus_14_R_dimidiatus_20,0.0
R_icteronotus_14_R_dimidiatus_21,0.0
R_icteronotus_14_R_dimidiatus_24,0.0
R_icteronotus_14_R_dimidiatus_27,0.0
R_icteronotus_14_R_dimidiatus_30,0.0
R_icteronotus_14_R_dimidiatus_33,0.0
R_icteronotus_14_R_dimidiatus_36,0.0
R_icteronotus_14_RR_dimidiatus_37,0.0
R_icteronotus_14_R_dimidiatus_38,0.0
R_icteronotus_14_R_dimidiatus_40,0.0
R_icteronotus_14_R_dimidiatus_41,0.0
R_icteronotus_14_R_dimidiatus_42,0.0
R_icteronotus_14_R_dimidiatus_43,0.0
R_icteronotus_14_R_dimidiatus_44,0.0
R_icteronotus_14_R_dimidiatus_45,0.0
R_icteronotus_14_R_dimidiatus_47,0.0
R_icteronotus_14_R_dimidiatus_49,0.0
R_icteronotus_14_R_dimidiatus_52,0.0
R_icteronotus_14_R_dimidiatus_53,0.0
R_icteronotus_14_R_dimidiatus_59,0.0
R_icteronotus_14_R_dimidiatus_65,0.0
R_icteronotus_14_R_dimidiatus_66,0.0
R_icteronotus_14_R_dimidiatus_67,0.0
R_icteronotus_14_R_dimidiatus_68,0.0
R_icteronotus_14_R_dimidiatus_69,0.0
R_icteronotus_14_R_dimidiatus_70,0.0
R_icteronotus_14_R_dimidiatus_72,0.0
R_icteronotus_14_R_dimidiatus_74,0.0
R_icteronotus_14_R_dimidiatus_76,0.0
R_icteronotus_14_R_dimidiatus_77,0.0
R_icteronotus_14_R_dimidiatus_78,0.0
R_icteronotus_14_R_dimidiatus_80,0.0
R_icteronotus_14_R_dimidiatus_83,0.0
R_icteronotus_14_R_dimidiatus_84,0.0
R_icteronotus_14_R_dimidiatus_85,0.0
R_icteronotus_14_R_dimidiatus_86,0.0
R_icteronotus_14_R_dimidiatus_90,0.0
R_icteronotus_14_R_dimidiatus_98,0.0
R_icteronotus_14_R_dimidiatus_102,0.0
R_icteronotus_14_R_dimidiatus_106,0.0
R_icteronotus_14_R_dimidiatus_200,0.1667
R_icteronotus_14_R_dimidiatus_201,0.0
R_icteronotus_14_R_dimidiatus_203,0.0
R_icteronotus_14_R_dimidiatus_204,0.0
R_icteronotus_14_R_dimidiatus_205,0.0
R_icteronotus_15_R_icteronotus_16,0.1667
R_icteronotus_15_R_icteronotus_17,0.0
R_icteronotus_15_R_icteronotus_18,0.0
R_icteronotus_15_R_icteronotus_22,0.1667
R_icteronotus_15_R_icteronotus_23,0.3333
R_icteronotus_15_R_icteronotus_24,0.0
R_icteronotus_15_R_icteronotus_26,0.0
R_icteronotus_15_R_icteronotus_28,0.1667
R_icteronotus_15_R_icteronotus_50,0.0
R_icteronotus_15_R_icteronotus_51,0.0
R_icteronotus_15_R_icteronotus_52,0.1667
R_icteronotus_15_R_icteronotus_53,0.0
R_icteronotus_15_R_dimidiatus_20,0.1667
R_icteronotus_15_R_dimidiatus_21,0.0
R_icteronotus_15_R_dimidiatus_24,0.0
R_icteronotus_15_R_dimidiatus_27,0.0
R_icteronotus_15_R_dimidiatus_30,0.0
R_icteronotus_15_R_dimidiatus_33,0.0
R_icteronotus_15_R_dimidiatus_36,0.0
R_icteronotus_15_RR_dimidiatus_37,0.0
R_icteronotus_15_R_dimidiatus_38,0.0
R_icteronotus_15_R_dimidiatus_40,0.0
R_icteronotus_15_R_dimidiatus_41,0.0
R_icteronotus_15_R_dimidiatus_42,0.0
R_icteronotus_15_R_dimidiatus_43,0.0
R_icteronotus_15_R_dimidiatus_44,0.0
R_icteronotus_15_R_dimidiatus_45,0.0
R_icteronotus_15_R_dimidiatus_47,0.0
R_icteronotus_15_R_dimidiatus_49,0.0
R_icteronotus_15_R_dimidiatus_52,0.0
R_icteronotus_15_R_dimidiatus_53,0.0
R_icteronotus_15_R_dimidiatus_59,0.0
R_icteronotus_15_R_dimidiatus_65,0.1667
R_icteronotus_15_R_dimidiatus_66,0.0
R_icteronotus_15_R_dimidiatus_67,0.0
R_icteronotus_15_R_dimidiatus_68,0.1667
R_icteronotus_15_R_dimidiatus_69,0.0
R_icteronotus_15_R_dimidiatus_70,0.0
R_icteronotus_15_R_dimidiatus_72,0.0
R_icteronotus_15_R_dimidiatus_74,0.0
R_icteronotus_15_R_dimidiatus_76,0.0
R_icteronotus_15_R_dimidiatus_77,0.1667
R_icteronotus_15_R_dimidiatus_78,0.0
R_icteronotus_15_R_dimidiatus_80,0.0
R_icteronotus_15_R_dimidiatus_83,0.0
R_icteronotus_15_R_dimidiatus_84,0.0
R_icteronotus_15_R_dimidiatus_85,0.0
R_icteronotus_15_R_dimidiatus_86,0.0
R_icteronotus_15_R_dimidiatus_90,0.0
R_icteronotus_15_R_dimidiatus_98,0.0
R_icteronotus_15_R_dimidiatus_102,0.0
R_icteronotus_15_R_dimidiatus_106,0.0
R_icteronotus_15_R_dimidiatus_200,0.0
R_icteronotus_15_R_dimidiatus_201,0.0
R_icteronotus_15_R_dimidiatus_203,0.0
R_icteronotus_15_R_dimidiatus_204,0.0
R_icteronotus_15_R_dimidiatus_205,0.0
R_icteronotus_16_R_icteronotus_17,0.0
R_icteronotus_16_R_icteronotus_18,0.1667
R_icteronotus_16_R_icteronotus_22,0.0
R_icteronotus_16_R_icteronotus_23,0.1667
R_icteronotus_16_R_icteronotus_24,0.0
R_icteronotus_16_R_icteronotus_26,0.0
R_icteronotus_16_R_icteronotus_28,0.0
R_icteronotus_16_R_icteronotus_50,0.0
R_icteronotus_16_R_icteronotus_51,0.0
R_icteronotus_16_R_icteronotus_52,0.0
R_icteronotus_16_R_icteronotus_53,0.1667
R_icteronotus_16_R_dimidiatus_20,0.1667
R_icteronotus_16_R_dimidiatus_21,0.0
R_icteronotus_16_R_dimidiatus_24,0.1667
R_icteronotus_16_R_dimidiatus_27,0.0
R_icteronotus_16_R_dimidiatus_30,0.0
R_icteronotus_16_R_dimidiatus_33,0.1667
R_icteronotus_16_R_dimidiatus_36,0.0
R_icteronotus_16_RR_dimidiatus_37,0.0
R_icteronotus_16_R_dimidiatus_38,0.0
R_icteronotus_16_R_dimidiatus_40,0.0
R_icteronotus_16_R_dimidiatus_41,0.0
R_icteronotus_16_R_dimidiatus_42,0.0
R_icteronotus_16_R_dimidiatus_43,0.0
R_icteronotus_16_R_dimidiatus_44,0.0
R_icteronotus_16_R_dimidiatus_45,0.0
R_icteronotus_16_R_dimidiatus_47,0.0
R_icteronotus_16_R_dimidiatus_49,0.1667
R_icteronotus_16_R_dimidiatus_52,0.0
R_icteronotus_16_R_dimidiatus_53,0.0
R_icteronotus_16_R_dimidiatus_59,0.0
R_icteronotus_16_R_dimidiatus_65,0.1667
R_icteronotus_16_R_dimidiatus_66,0.0
R_icteronotus_16_R_dimidiatus_67,0.0
R_icteronotus_16_R_dimidiatus_68,0.1667
R_icteronotus_16_R_dimidiatus_69,0.0
R_icteronotus_16_R_dimidiatus_70,0.0
R_icteronotus_16_R_dimidiatus_72,0.0
R_icteronotus_16_R_dimidiatus_74,0.0
R_icteronotus_16_R_dimidiatus_76,0.0
R_icteronotus_16_R_dimidiatus_77,0.1667
R_icteronotus_16_R_dimidiatus_78,0.0
R_icteronotus_16_R_dimidiatus_80,0.0
R_icteronotus_16_R_dimidiatus_83,0.0
R_icteronotus_16_R_dimidiatus_84,0.0
R_icteronotus_16_R_dimidiatus_85,0.0
R_icteronotus_16_R_dimidiatus_86,0.0
R_icteronotus_16_R_dimidiatus_90,0.0
R_icteronotus_16_R_dimidiatus_98,0.0
R_icteronotus_16_R_dimidiatus_102,0.0
R_icteronotus_16_R_dimidiatus_106,0.0
R_icteronotus_16_R_dimidiatus_200,0.0
R_icteronotus_16_R_dimidiatus_201,0.0
R_icteronotus_16_R_dimidiatus_203,0.0
R_icteronotus_16_R_dimidiatus_204,0.0
R_icteronotus_16_R_dimidiatus_205,0.0
R_icteronotus_17_R_icteronotus_18,0.0
R_icteronotus_17_R_icteronotus_22,0.0
R_icteronotus_17_R_icteronotus_23,0.0
R_icteronotus_17_R_icteronotus_24,0.0
R_icteronotus_17_R_icteronotus_26,0.0
R_icteronotus_17_R_icteronotus_28,0.0
R_icteronotus_17_R_icteronotus_50,0.0
R_icteronotus_17_R_icteronotus_51,0.1667
R_icteronotus_17_R_icteronotus_52,0.0
R_icteronotus_17_R_icteronotus_53,0.3333
R_icteronotus_17_R_dimidiatus_20,0.0
R_icteronotus_17_R_dimidiatus_21,0.0
R_icteronotus_17_R_dimidiatus_24,0.0
R_icteronotus_17_R_dimidiatus_27,0.0
R_icteronotus_17_R_dimidiatus_30,0.0
R_icteronotus_17_R_dimidiatus_33,0.0
R_icteronotus_17_R_dimidiatus_36,0.0
R_icteronotus_17_RR_dimidiatus_37,0.0
R_icteronotus_17_R_dimidiatus_38,0.0
R_icteronotus_17_R_dimidiatus_40,0.0
R_icteronotus_17_R_dimidiatus_41,0.0
R_icteronotus_17_R_dimidiatus_42,0.0
R_icteronotus_17_R_dimidiatus_43,0.0
R_icteronotus_17_R_dimidiatus_44,0.0
R_icteronotus_17_R_dimidiatus_45,0.0
R_icteronotus_17_R_dimidiatus_47,0.0
R_icteronotus_17_R_dimidiatus_49,0.0
R_icteronotus_17_R_dimidiatus_52,0.0
R_icteronotus_17_R_dimidiatus_53,0.0
R_icteronotus_17_R_dimidiatus_59,0.0
R_icteronotus_17_R_dimidiatus_65,0.0
R_icteronotus_17_R_dimidiatus_66,0.0
R_icteronotus_17_R_dimidiatus_67,0.0
R_icteronotus_17_R_dimidiatus_68,0.0
R_icteronotus_17_R_dimidiatus_69,0.0
R_icteronotus_17_R_dimidiatus_70,0.0
R_icteronotus_17_R_dimidiatus_72,0.0
R_icteronotus_17_R_dimidiatus_74,0.0
R_icteronotus_17_R_dimidiatus_76,0.0
R_icteronotus_17_R_dimidiatus_77,0.0
R_icteronotus_17_R_dimidiatus_78,0.0
R_icteronotus_17_R_dimidiatus_80,0.0
R_icteronotus_17_R_dimidiatus_83,0.0
R_icteronotus_17_R_dimidiatus_84,0.0
R_icteronotus_17_R_dimidiatus_85,0.0
R_icteronotus_17_R_dimidiatus_86,0.0
R_icteronotus_17_R_dimidiatus_90,0.0
R_icteronotus_17_R_dimidiatus_98,0.0
R_icteronotus_17_R_dimidiatus_102,0.0
R_icteronotus_17_R_dimidiatus_106,0.0
R_icteronotus_17_R_dimidiatus_200,0.1667
R_icteronotus_17_R_dimidiatus_201,0.0
R_icteronotus_17_R_dimidiatus_203,0.0
R_icteronotus_17_R_dimidiatus_204,0.0
R_icteronotus_17_R_dimidiatus_205,0.0
R_icteronotus_18_R_icteronotus_22,0.0
R_icteronotus_18_R_icteronotus_23,0.1667
R_icteronotus_18_R_icteronotus_24,0.0
R_icteronotus_18_R_icteronotus_26,0.0
R_icteronotus_18_R_icteronotus_28,0.1667
R_icteronotus_18_R_icteronotus_50,0.3333
R_icteronotus_18_R_icteronotus_51,0.1667
R_icteronotus_18_R_icteronotus_52,0.0
R_icteronotus_18_R_icteronotus_53,0.3333
R_icteronotus_18_R_dimidiatus_20,0.0
R_icteronotus_18_R_dimidiatus_21,0.0
R_icteronotus_18_R_dimidiatus_24,0.1667
R_icteronotus_18_R_dimidiatus_27,0.0
R_icteronotus_18_R_dimidiatus_30,0.0
R_icteronotus_18_R_dimidiatus_33,0.1667
R_icteronotus_18_R_dimidiatus_36,0.0
R_icteronotus_18_RR_dimidiatus_37,0.0
R_icteronotus_18_R_dimidiatus_38,0.0
R_icteronotus_18_R_dimidiatus_40,0.0
R_icteronotus_18_R_dimidiatus_41,0.0
R_icteronotus_18_R_dimidiatus_42,0.0
R_icteronotus_18_R_dimidiatus_43,0.0
R_icteronotus_18_R_dimidiatus_44,0.0
R_icteronotus_18_R_dimidiatus_45,0.0
R_icteronotus_18_R_dimidiatus_47,0.0
R_icteronotus_18_R_dimidiatus_49,0.1667
R_icteronotus_18_R_dimidiatus_52,0.0
R_icteronotus_18_R_dimidiatus_53,0.0
R_icteronotus_18_R_dimidiatus_59,0.0
R_icteronotus_18_R_dimidiatus_65,0.0
R_icteronotus_18_R_dimidiatus_66,0.0
R_icteronotus_18_R_dimidiatus_67,0.0
R_icteronotus_18_R_dimidiatus_68,0.0
R_icteronotus_18_R_dimidiatus_69,0.0
R_icteronotus_18_R_dimidiatus_70,0.0
R_icteronotus_18_R_dimidiatus_72,0.0
R_icteronotus_18_R_dimidiatus_74,0.0
R_icteronotus_18_R_dimidiatus_76,0.0
R_icteronotus_18_R_dimidiatus_77,0.0
R_icteronotus_18_R_dimidiatus_78,0.0
R_icteronotus_18_R_dimidiatus_80,0.0
R_icteronotus_18_R_dimidiatus_83,0.0
R_icteronotus_18_R_dimidiatus_84,0.0
R_icteronotus_18_R_dimidiatus_85,0.0
R_icteronotus_18_R_dimidiatus_86,0.0
R_icteronotus_18_R_dimidiatus_90,0.0
R_icteronotus_18_R_dimidiatus_98,0.0
R_icteronotus_18_R_dimidiatus_102,0.0
R_icteronotus_18_R_dimidiatus_106,0.0
R_icteronotus_18_R_dimidiatus_200,0.0
R_icteronotus_18_R_dimidiatus_201,0.0
R_icteronotus_18_R_dimidiatus_203,0.0
R_icteronotus_18_R_dimidiatus_204,0.0
R_icteronotus_18_R_dimidiatus_205,0.1667
R_icteronotus_22_R_icteronotus_23,0.0
R_icteronotus_22_R_icteronotus_24,0.0
R_icteronotus_22_R_icteronotus_26,0.0
R_icteronotus_22_R_icteronotus_28,0.1667
R_icteronotus_22_R_icteronotus_50,0.1667
R_icteronotus_22_R_icteronotus_51,0.0
R_icteronotus_22_R_icteronotus_52,0.0
R_icteronotus_22_R_icteronotus_53,0.0
R_icteronotus_22_R_dimidiatus_20,0.0
R_icteronotus_22_R_dimidiatus_21,0.1667
R_icteronotus_22_R_dimidiatus_24,0.0
R_icteronotus_22_R_dimidiatus_27,0.0
R_icteronotus_22_R_dimidiatus_30,0.1667
R_icteronotus_22_R_dimidiatus_33,0.0
R_icteronotus_22_R_dimidiatus_36,0.1667
R_icteronotus_22_RR_dimidiatus_37,0.0
R_icteronotus_22_R_dimidiatus_38,0.0
R_icteronotus_22_R_dimidiatus_40,0.0
R_icteronotus_22_R_dimidiatus_41,0.0
R_icteronotus_22_R_dimidiatus_42,0.0
R_icteronotus_22_R_dimidiatus_43,0.0
R_icteronotus_22_R_dimidiatus_44,0.0
R_icteronotus_22_R_dimidiatus_45,0.0
R_icteronotus_22_R_dimidiatus_47,0.0
R_icteronotus_22_R_dimidiatus_49,0.0
R_icteronotus_22_R_dimidiatus_52,0.0
R_icteronotus_22_R_dimidiatus_53,0.0
R_icteronotus_22_R_dimidiatus_59,0.0
R_icteronotus_22_R_dimidiatus_65,0.0
R_icteronotus_22_R_dimidiatus_66,0.0
R_icteronotus_22_R_dimidiatus_67,0.1667
R_icteronotus_22_R_dimidiatus_68,0.0
R_icteronotus_22_R_dimidiatus_69,0.0
R_icteronotus_22_R_dimidiatus_70,0.0
R_icteronotus_22_R_dimidiatus_72,0.0
R_icteronotus_22_R_dimidiatus_74,0.0
R_icteronotus_22_R_dimidiatus_76,0.0
R_icteronotus_22_R_dimidiatus_77,0.0
R_icteronotus_22_R_dimidiatus_78,0.0
R_icteronotus_22_R_dimidiatus_80,0.0
R_icteronotus_22_R_dimidiatus_83,0.0
R_icteronotus_22_R_dimidiatus_84,0.0
R_icteronotus_22_R_dimidiatus_85,0.0
R_icteronotus_22_R_dimidiatus_86,0.0
R_icteronotus_22_R_dimidiatus_90,0.0
R_icteronotus_22_R_dimidiatus_98,0.0
R_icteronotus_22_R_dimidiatus_102,0.0
R_icteronotus_22_R_dimidiatus_106,0.0
R_icteronotus_22_R_dimidiatus_200,0.0
R_icteronotus_22_R_dimidiatus_201,0.0
R_icteronotus_22_R_dimidiatus_203,0.0
R_icteronotus_22_R_dimidiatus_204,0.0
R_icteronotus_22_R_dimidiatus_205,0.0
R_icteronotus_23_R_icteronotus_24,0.0
R_icteronotus_23_R_icteronotus_26,0.0
R_icteronotus_23_R_icteronotus_28,0.0
R_icteronotus_23_R_icteronotus_50,0.1667
R_icteronotus_23_R_icteronotus_51,0.0
R_icteronotus_23_R_icteronotus_52,0.1667
R_icteronotus_23_R_icteronotus_53,0.0
R_icteronotus_23_R_dimidiatus_20,0.1667
R_icteronotus_23_R_dimidiatus_21,0.0
R_icteronotus_23_R_dimidiatus_24,0.0
R_icteronotus_23_R_dimidiatus_27,0.0
R_icteronotus_23_R_dimidiatus_30,0.0
R_icteronotus_23_R_dimidiatus_33,0.0
R_icteronotus_23_R_dimidiatus_36,0.0
R_icteronotus_23_RR_dimidiatus_37,0.0
R_icteronotus_23_R_dimidiatus_38,0.0
R_icteronotus_23_R_dimidiatus_40,0.0
R_icteronotus_23_R_dimidiatus_41,0.0
R_icteronotus_23_R_dimidiatus_42,0.0
R_icteronotus_23_R_dimidiatus_43,0.0
R_icteronotus_23_R_dimidiatus_44,0.0
R_icteronotus_23_R_dimidiatus_45,0.0
R_icteronotus_23_R_dimidiatus_47,0.0
R_icteronotus_23_R_dimidiatus_49,0.0
R_icteronotus_23_R_dimidiatus_52,0.1667
R_icteronotus_23_R_dimidiatus_53,0.0
R_icteronotus_23_R_dimidiatus_59,0.0
R_icteronotus_23_R_dimidiatus_65,0.1667
R_icteronotus_23_R_dimidiatus_66,0.0
R_icteronotus_23_R_dimidiatus_67,0.0
R_icteronotus_23_R_dimidiatus_68,0.1667
R_icteronotus_23_R_dimidiatus_69,0.0
R_icteronotus_23_R_dimidiatus_70,0.0
R_icteronotus_23_R_dimidiatus_72,0.0
R_icteronotus_23_R_dimidiatus_74,0.0
R_icteronotus_23_R_dimidiatus_76,0.0
R_icteronotus_23_R_dimidiatus_77,0.1667
R_icteronotus_23_R_dimidiatus_78,0.0
R_icteronotus_23_R_dimidiatus_80,0.0
R_icteronotus_23_R_dimidiatus_83,0.0
R_icteronotus_23_R_dimidiatus_84,0.0
R_icteronotus_23_R_dimidiatus_85,0.0
R_icteronotus_23_R_dimidiatus_86,0.0
R_icteronotus_23_R_dimidiatus_90,0.0
R_icteronotus_23_R_dimidiatus_98,0.0
R_icteronotus_23_R_dimidiatus_102,0.0
R_icteronotus_23_R_dimidiatus_106,0.0
R_icteronotus_23_R_dimidiatus_200,0.0
R_icteronotus_23_R_dimidiatus_201,0.0
R_icteronotus_23_R_dimidiatus_203,0.0
R_icteronotus_23_R_dimidiatus_204,0.0
R_icteronotus_23_R_dimidiatus_205,0.1667
R_icteronotus_24_R_icteronotus_26,0.0
R_icteronotus_24_R_icteronotus_28,0.0
R_icteronotus_24_R_icteronotus_50,0.0
R_icteronotus_24_R_icteronotus_51,0.0
R_icteronotus_24_R_icteronotus_52,0.0
R_icteronotus_24_R_icteronotus_53,0.0
R_icteronotus_24_R_dimidiatus_20,0.0
R_icteronotus_24_R_dimidiatus_21,0.0
R_icteronotus_24_R_dimidiatus_24,0.0
R_icteronotus_24_R_dimidiatus_27,0.0
R_icteronotus_24_R_dimidiatus_30,0.0
R_icteronotus_24_R_dimidiatus_33,0.0
R_icteronotus_24_R_dimidiatus_36,0.0
R_icteronotus_24_RR_dimidiatus_37,0.0
R_icteronotus_24_R_dimidiatus_38,0.0
R_icteronotus_24_R_dimidiatus_40,0.0
R_icteronotus_24_R_dimidiatus_41,0.0
R_icteronotus_24_R_dimidiatus_42,0.0
R_icteronotus_24_R_dimidiatus_43,0.0
R_icteronotus_24_R_dimidiatus_44,0.0
R_icteronotus_24_R_dimidiatus_45,0.0
R_icteronotus_24_R_dimidiatus_47,0.0
R_icteronotus_24_R_dimidiatus_49,0.0
R_icteronotus_24_R_dimidiatus_52,0.0
R_icteronotus_24_R_dimidiatus_53,0.0
R_icteronotus_24_R_dimidiatus_59,0.0
R_icteronotus_24_R_dimidiatus_65,0.0
R_icteronotus_24_R_dimidiatus_66,0.0
R_icteronotus_24_R_dimidiatus_67,0.0
R_icteronotus_24_R_dimidiatus_68,0.0
R_icteronotus_24_R_dimidiatus_69,0.0
R_icteronotus_24_R_dimidiatus_70,0.0
R_icteronotus_24_R_dimidiatus_72,0.0
R_icteronotus_24_R_dimidiatus_74,0.1667
R_icteronotus_24_R_dimidiatus_76,0.0
R_icteronotus_24_R_dimidiatus_77,0.0
R_icteronotus_24_R_dimidiatus_78,0.0
R_icteronotus_24_R_dimidiatus_80,0.0
R_icteronotus_24_R_dimidiatus_83,0.0
R_icteronotus_24_R_dimidiatus_84,0.0
R_icteronotus_24_R_dimidiatus_85,0.0
R_icteronotus_24_R_dimidiatus_86,0.0
R_icteronotus_24_R_dimidiatus_90,0.0
R_icteronotus_24_R_dimidiatus_98,0.0
R_icteronotus_24_R_dimidiatus_102,0.0
R_icteronotus_24_R_dimidiatus_106,0.0
R_icteronotus_24_R_dimidiatus_200,0.0
R_icteronotus_24_R_dimidiatus_201,0.0
R_icteronotus_24_R_dimidiatus_203,0.0
R_icteronotus_24_R_dimidiatus_204,0.0
R_icteronotus_24_R_dimidiatus_205,0.0
R_icteronotus_26_R_icteronotus_28,0.0
R_icteronotus_26_R_icteronotus_50,0.0
R_icteronotus_26_R_icteronotus_51,0.0
R_icteronotus_26_R_icteronotus_52,0.0
R_icteronotus_26_R_icteronotus_53,0.0
R_icteronotus_26_R_dimidiatus_20,0.0
R_icteronotus_26_R_dimidiatus_21,0.0
R_icteronotus_26_R_dimidiatus_24,0.0
R_icteronotus_26_R_dimidiatus_27,0.0
R_icteronotus_26_R_dimidiatus_30,0.0
R_icteronotus_26_R_dimidiatus_33,0.0
R_icteronotus_26_R_dimidiatus_36,0.0
R_icteronotus_26_RR_dimidiatus_37,0.1667
R_icteronotus_26_R_dimidiatus_38,0.0
R_icteronotus_26_R_dimidiatus_40,0.1667
R_icteronotus_26_R_dimidiatus_41,0.1667
R_icteronotus_26_R_dimidiatus_42,0.1667
R_icteronotus_26_R_dimidiatus_43,0.0
R_icteronotus_26_R_dimidiatus_44,0.0
R_icteronotus_26_R_dimidiatus_45,0.0
R_icteronotus_26_R_dimidiatus_47,0.0
R_icteronotus_26_R_dimidiatus_49,0.0
R_icteronotus_26_R_dimidiatus_52,0.0
R_icteronotus_26_R_dimidiatus_53,0.0
R_icteronotus_26_R_dimidiatus_59,0.0
R_icteronotus_26_R_dimidiatus_65,0.0
R_icteronotus_26_R_dimidiatus_66,0.0
R_icteronotus_26_R_dimidiatus_67,0.0
R_icteronotus_26_R_dimidiatus_68,0.0
R_icteronotus_26_R_dimidiatus_69,0.0
R_icteronotus_26_R_dimidiatus_70,0.1667
R_icteronotus_26_R_dimidiatus_72,0.0
R_icteronotus_26_R_dimidiatus_74,0.0
R_icteronotus_26_R_dimidiatus_76,0.0
R_icteronotus_26_R_dimidiatus_77,0.0
R_icteronotus_26_R_dimidiatus_78,0.0
R_icteronotus_26_R_dimidiatus_80,0.0
R_icteronotus_26_R_dimidiatus_83,0.0
R_icteronotus_26_R_dimidiatus_84,0.0
R_icteronotus_26_R_dimidiatus_85,0.0
R_icteronotus_26_R_dimidiatus_86,0.0
R_icteronotus_26_R_dimidiatus_90,0.0
R_icteronotus_26_R_dimidiatus_98,0.0
R_icteronotus_26_R_dimidiatus_102,0.0
R_icteronotus_26_R_dimidiatus_106,0.0
R_icteronotus_26_R_dimidiatus_200,0.0
R_icteronotus_26_R_dimidiatus_201,0.0
R_icteronotus_26_R_dimidiatus_203,0.0
R_icteronotus_26_R_dimidiatus_204,0.0
R_icteronotus_26_R_dimidiatus_205,0.3333
R_icteronotus_28_R_icteronotus_50,0.1667
R_icteronotus_28_R_icteronotus_51,0.1667
R_icteronotus_28_R_icteronotus_52,0.1667
R_icteronotus_28_R_icteronotus_53,0.1667
R_icteronotus_28_R_dimidiatus_20,0.0
R_icteronotus_28_R_dimidiatus_21,0.0
R_icteronotus_28_R_dimidiatus_24,0.0
R_icteronotus_28_R_dimidiatus_27,0.0
R_icteronotus_28_R_dimidiatus_30,0.0
R_icteronotus_28_R_dimidiatus_33,0.0
R_icteronotus_28_R_dimidiatus_36,0.0
R_icteronotus_28_RR_dimidiatus_37,0.0
R_icteronotus_28_R_dimidiatus_38,0.0
R_icteronotus_28_R_dimidiatus_40,0.0
R_icteronotus_28_R_dimidiatus_41,0.0
R_icteronotus_28_R_dimidiatus_42,0.0
R_icteronotus_28_R_dimidiatus_43,0.0
R_icteronotus_28_R_dimidiatus_44,0.0
R_icteronotus_28_R_dimidiatus_45,0.0
R_icteronotus_28_R_dimidiatus_47,0.0
R_icteronotus_28_R_dimidiatus_49,0.0
R_icteronotus_28_R_dimidiatus_52,0.0
R_icteronotus_28_R_dimidiatus_53,0.0
R_icteronotus_28_R_dimidiatus_59,0.0
R_icteronotus_28_R_dimidiatus_65,0.0
R_icteronotus_28_R_dimidiatus_66,0.0
R_icteronotus_28_R_dimidiatus_67,0.0
R_icteronotus_28_R_dimidiatus_68,0.0
R_icteronotus_28_R_dimidiatus_69,0.0
R_icteronotus_28_R_dimidiatus_70,0.0
R_icteronotus_28_R_dimidiatus_72,0.0
R_icteronotus_28_R_dimidiatus_74,0.1667
R_icteronotus_28_R_dimidiatus_76,0.0
R_icteronotus_28_R_dimidiatus_77,0.0
R_icteronotus_28_R_dimidiatus_78,0.0
R_icteronotus_28_R_dimidiatus_80,0.0
R_icteronotus_28_R_dimidiatus_83,0.0
R_icteronotus_28_R_dimidiatus_84,0.0
R_icteronotus_28_R_dimidiatus_85,0.0
R_icteronotus_28_R_dimidiatus_86,0.0
R_icteronotus_28_R_dimidiatus_90,0.0
R_icteronotus_28_R_dimidiatus_98,0.0
R_icteronotus_28_R_dimidiatus_102,0.0
R_icteronotus_28_R_dimidiatus_106,0.0
R_icteronotus_28_R_dimidiatus_200,0.0
R_icteronotus_28_R_dimidiatus_201,0.0
R_icteronotus_28_R_dimidiatus_203,0.0
R_icteronotus_28_R_dimidiatus_204,0.0
R_icteronotus_28_R_dimidiatus_205,0.0
R_icteronotus_50_R_icteronotus_51,0.5
R_icteronotus_50_R_icteronotus_52,0.1667
R_icteronotus_50_R_icteronotus_53,0.1667
R_icteronotus_50_R_dimidiatus_20,0.0
R_icteronotus_50_R_dimidiatus_21,0.0
R_icteronotus_50_R_dimidiatus_24,0.0
R_icteronotus_50_R_dimidiatus_27,0.0
R_icteronotus_50_R_dimidiatus_30,0.1667
R_icteronotus_50_R_dimidiatus_33,0.0
R_icteronotus_50_R_dimidiatus_36,0.1667
R_icteronotus_50_RR_dimidiatus_37,0.0
R_icteronotus_50_R_dimidiatus_38,0.0
R_icteronotus_50_R_dimidiatus_40,0.0
R_icteronotus_50_R_dimidiatus_41,0.0
R_icteronotus_50_R_dimidiatus_42,0.0
R_icteronotus_50_R_dimidiatus_43,0.0
R_icteronotus_50_R_dimidiatus_44,0.0
R_icteronotus_50_R_dimidiatus_45,0.0
R_icteronotus_50_R_dimidiatus_47,0.0
R_icteronotus_50_R_dimidiatus_49,0.0
R_icteronotus_50_R_dimidiatus_52,0.1667
R_icteronotus_50_R_dimidiatus_53,0.0
R_icteronotus_50_R_dimidiatus_59,0.0
R_icteronotus_50_R_dimidiatus_65,0.0
R_icteronotus_50_R_dimidiatus_66,0.0
R_icteronotus_50_R_dimidiatus_67,0.0
R_icteronotus_50_R_dimidiatus_68,0.0
R_icteronotus_50_R_dimidiatus_69,0.0
R_icteronotus_50_R_dimidiatus_70,0.0
R_icteronotus_50_R_dimidiatus_72,0.0
R_icteronotus_50_R_dimidiatus_74,0.0
R_icteronotus_50_R_dimidiatus_76,0.0
R_icteronotus_50_R_dimidiatus_77,0.0
R_icteronotus_50_R_dimidiatus_78,0.0
R_icteronotus_50_R_dimidiatus_80,0.0
R_icteronotus_50_R_dimidiatus_83,0.0
R_icteronotus_50_R_dimidiatus_84,0.0
R_icteronotus_50_R_dimidiatus_85,0.0
R_icteronotus_50_R_dimidiatus_86,0.0
R_icteronotus_50_R_dimidiatus_90,0.0
R_icteronotus_50_R_dimidiatus_98,0.0
R_icteronotus_50_R_dimidiatus_102,0.0
R_icteronotus_50_R_dimidiatus_106,0.0
R_icteronotus_50_R_dimidiatus_200,0.0
R_icteronotus_50_R_dimidiatus_201,0.0
R_icteronotus_50_R_dimidiatus_203,0.0
R_icteronotus_50_R_dimidiatus_204,0.0
R_icteronotus_50_R_dimidiatus_205,0.0
R_icteronotus_51_R_icteronotus_52,0.0
R_icteronotus_51_R_icteronotus_53,0.3333
R_icteronotus_51_R_dimidiatus_20,0.0
R_icteronotus_51_R_dimidiatus_21,0.0
R_icteronotus_51_R_dimidiatus_24,0.0
R_icteronotus_51_R_dimidiatus_27,0.0
R_icteronotus_51_R_dimidiatus_30,0.0
R_icteronotus_51_R_dimidiatus_33,0.0
R_icteronotus_51_R_dimidiatus_36,0.0
R_icteronotus_51_RR_dimidiatus_37,0.0
R_icteronotus_51_R_dimidiatus_38,0.0
R_icteronotus_51_R_dimidiatus_40,0.0
R_icteronotus_51_R_dimidiatus_41,0.0
R_icteronotus_51_R_dimidiatus_42,0.0
R_icteronotus_51_R_dimidiatus_43,0.1667
R_icteronotus_51_R_dimidiatus_44,0.0
R_icteronotus_51_R_dimidiatus_45,0.0
R_icteronotus_51_R_dimidiatus_47,0.0
R_icteronotus_51_R_dimidiatus_49,0.0
R_icteronotus_51_R_dimidiatus_52,0.0
R_icteronotus_51_R_dimidiatus_53,0.0
R_icteronotus_51_R_dimidiatus_59,0.0
R_icteronotus_51_R_dimidiatus_65,0.0
R_icteronotus_51_R_dimidiatus_66,0.0
R_icteronotus_51_R_dimidiatus_67,0.0
R_icteronotus_51_R_dimidiatus_68,0.0
R_icteronotus_51_R_dimidiatus_69,0.0
R_icteronotus_51_R_dimidiatus_70,0.0
R_icteronotus_51_R_dimidiatus_72,0.0
R_icteronotus_51_R_dimidiatus_74,0.0
R_icteronotus_51_R_dimidiatus_76,0.0
R_icteronotus_51_R_dimidiatus_77,0.0
R_icteronotus_51_R_dimidiatus_78,0.0
R_icteronotus_51_R_dimidiatus_80,0.0
R_icteronotus_51_R_dimidiatus_83,0.0
R_icteronotus_51_R_dimidiatus_84,0.0
R_icteronotus_51_R_dimidiatus_85,0.0
R_icteronotus_51_R_dimidiatus_86,0.0
R_icteronotus_51_R_dimidiatus_90,0.0
R_icteronotus_51_R_dimidiatus_98,0.0
R_icteronotus_51_R_dimidiatus_102,0.0
R_icteronotus_51_R_dimidiatus_106,0.0
R_icteronotus_51_R_dimidiatus_200,0.0
R_icteronotus_51_R_dimidiatus_201,0.0
R_icteronotus_51_R_dimidiatus_203,0.0
R_icteronotus_51_R_dimidiatus_204,0.0
R_icteronotus_51_R_dimidiatus_205,0.0
R_icteronotus_52_R_icteronotus_53,0.0
R_icteronotus_52_R_dimidiatus_20,0.0
R_icteronotus_52_R_dimidiatus_21,0.0
R_icteronotus_52_R_dimidiatus_24,0.0
R_icteronotus_52_R_dimidiatus_27,0.0
R_icteronotus_52_R_dimidiatus_30,0.0
R_icteronotus_52_R_dimidiatus_33,0.0
R_icteronotus_52_R_dimidiatus_36,0.0
R_icteronotus_52_RR_dimidiatus_37,0.0
R_icteronotus_52_R_dimidiatus_38,0.0
R_icteronotus_52_R_dimidiatus_40,0.0
R_icteronotus_52_R_dimidiatus_41,0.0
R_icteronotus_52_R_dimidiatus_42,0.0
R_icteronotus_52_R_dimidiatus_43,0.0
R_icteronotus_52_R_dimidiatus_44,0.0
R_icteronotus_52_R_dimidiatus_45,0.0
R_icteronotus_52_R_dimidiatus_47,0.0
R_icteronotus_52_R_dimidiatus_49,0.0
R_icteronotus_52_R_dimidiatus_52,0.1667
R_icteronotus_52_R_dimidiatus_53,0.0
R_icteronotus_52_R_dimidiatus_59,0.0
R_icteronotus_52_R_dimidiatus_65,0.0
R_icteronotus_52_R_dimidiatus_66,0.0
R_icteronotus_52_R_dimidiatus_67,0.0
R_icteronotus_52_R_dimidiatus_68,0.0
R_icteronotus_52_R_dimidiatus_69,0.0
R_icteronotus_52_R_dimidiatus_70,0.0
R_icteronotus_52_R_dimidiatus_72,0.0
R_icteronotus_52_R_dimidiatus_74,0.1667
R_icteronotus_52_R_dimidiatus_76,0.0
R_icteronotus_52_R_dimidiatus_77,0.1667
R_icteronotus_52_R_dimidiatus_78,0.1667
R_icteronotus_52_R_dimidiatus_80,0.0
R_icteronotus_52_R_dimidiatus_83,0.0
R_icteronotus_52_R_dimidiatus_84,0.0
R_icteronotus_52_R_dimidiatus_85,0.0
R_icteronotus_52_R_dimidiatus_86,0.0
R_icteronotus_52_R_dimidiatus_90,0.0
R_icteronotus_52_R_dimidiatus_98,0.0
R_icteronotus_52_R_dimidiatus_102,0.0
R_icteronotus_52_R_dimidiatus_106,0.0
R_icteronotus_52_R_dimidiatus_200,0.0
R_icteronotus_52_R_dimidiatus_201,0.0
R_icteronotus_52_R_dimidiatus_203,0.1667
R_icteronotus_52_R_dimidiatus_204,0.0
R_icteronotus_52_R_dimidiatus_205,0.0
R_icteronotus_53_R_dimidiatus_20,0.0
R_icteronotus_53_R_dimidiatus_21,0.0
R_icteronotus_53_R_dimidiatus_24,0.1667
R_icteronotus_53_R_dimidiatus_27,0.0
R_icteronotus_53_R_dimidiatus_30,0.0
R_icteronotus_53_R_dimidiatus_33,0.1667
R_icteronotus_53_R_dimidiatus_36,0.0
R_icteronotus_53_RR_dimidiatus_37,0.0
R_icteronotus_53_R_dimidiatus_38,0.0
R_icteronotus_53_R_dimidiatus_40,0.0
R_icteronotus_53_R_dimidiatus_41,0.0
R_icteronotus_53_R_dimidiatus_42,0.0
R_icteronotus_53_R_dimidiatus_43,0.0
R_icteronotus_53_R_dimidiatus_44,0.0
R_icteronotus_53_R_dimidiatus_45,0.0
R_icteronotus_53_R_dimidiatus_47,0.0
R_icteronotus_53_R_dimidiatus_49,0.1667
R_icteronotus_53_R_dimidiatus_52,0.0
R_icteronotus_53_R_dimidiatus_53,0.0
R_icteronotus_53_R_dimidiatus_59,0.0
R_icteronotus_53_R_dimidiatus_65,0.0
R_icteronotus_53_R_dimidiatus_66,0.0
R_icteronotus_53_R_dimidiatus_67,0.0
R_icteronotus_53_R_dimidiatus_68,0.0
R_icteronotus_53_R_dimidiatus_69,0.0
R_icteronotus_53_R_dimidiatus_70,0.0
R_icteronotus_53_R_dimidiatus_72,0.0
R_icteronotus_53_R_dimidiatus_74,0.0
R_icteronotus_53_R_dimidiatus_76,0.0
R_icteronotus_53_R_dimidiatus_77,0.0
R_icteronotus_53_R_dimidiatus_78,0.0
R_icteronotus_53_R_dimidiatus_80,0.0
R_icteronotus_53_R_dimidiatus_83,0.0
R_icteronotus_53_R_dimidiatus_84,0.0
R_icteronotus_53_R_dimidiatus_85,0.0
R_icteronotus_53_R_dimidiatus_86,0.0
R_icteronotus_53_R_dimidiatus_90,0.0
R_icteronotus_53_R_dimidiatus_98,0.0
R_icteronotus_53_R_dimidiatus_102,0.0
R_icteronotus_53_R_dimidiatus_106,0.0
R_icteronotus_53_R_dimidiatus_200,0.0
R_icteronotus_53_R_dimidiatus_201,0.0
R_icteronotus_53_R_dimidiatus_203,0.0
R_icteronotus_53_R_dimidiatus_204,0.0
R_icteronotus_53_R_dimidiatus_205,0.0
R_dimidiatus_20_R_dimidiatus_21,0.0
R_dimidiatus_20_R_dimidiatus_24,0.1667
R_dimidiatus_20_R_dimidiatus_27,0.1667
R_dimidiatus_20_R_dimidiatus_30,0.0
R_dimidiatus_20_R_dimidiatus_33,0.1667
R_dimidiatus_20_R_dimidiatus_36,0.0
R_dimidiatus_20_RR_dimidiatus_37,0.1667
R_dimidiatus_20_R_dimidiatus_38,0.1667
R_dimidiatus_20_R_dimidiatus_40,0.0
R_dimidiatus_20_R_dimidiatus_41,0.0
R_dimidiatus_20_R_dimidiatus_42,0.0
R_dimidiatus_20_R_dimidiatus_43,0.0
R_dimidiatus_20_R_dimidiatus_44,0.0
R_dimidiatus_20_R_dimidiatus_45,0.0
R_dimidiatus_20_R_dimidiatus_47,0.0
R_dimidiatus_20_R_dimidiatus_49,0.0
R_dimidiatus_20_R_dimidiatus_52,0.1667
R_dimidiatus_20_R_dimidiatus_53,0.0
R_dimidiatus_20_R_dimidiatus_59,0.1667
R_dimidiatus_20_R_dimidiatus_65,0.3333
R_dimidiatus_20_R_dimidiatus_66,0.0
R_dimidiatus_20_R_dimidiatus_67,0.0
R_dimidiatus_20_R_dimidiatus_68,0.1667
R_dimidiatus_20_R_dimidiatus_69,0.0
R_dimidiatus_20_R_dimidiatus_70,0.1667
R_dimidiatus_20_R_dimidiatus_72,0.0
R_dimidiatus_20_R_dimidiatus_74,0.0
R_dimidiatus_20_R_dimidiatus_76,0.0
R_dimidiatus_20_R_dimidiatus_77,0.1667
R_dimidiatus_20_R_dimidiatus_78,0.0
R_dimidiatus_20_R_dimidiatus_80,0.0
R_dimidiatus_20_R_dimidiatus_83,0.0
R_dimidiatus_20_R_dimidiatus_84,0.0
R_dimidiatus_20_R_dimidiatus_85,0.0
R_dimidiatus_20_R_dimidiatus_86,0.0
R_dimidiatus_20_R_dimidiatus_90,0.1667
R_dimidiatus_20_R_dimidiatus_98,0.0
R_dimidiatus_20_R_dimidiatus_102,0.1667
R_dimidiatus_20_R_dimidiatus_106,0.0
R_dimidiatus_20_R_dimidiatus_200,0.0
R_dimidiatus_20_R_dimidiatus_201,0.0
R_dimidiatus_20_R_dimidiatus_203,0.0
R_dimidiatus_20_R_dimidiatus_204,0.0
R_dimidiatus_20_R_dimidiatus_205,0.1667
R_dimidiatus_21_R_dimidiatus_24,0.0
R_dimidiatus_21_R_dimidiatus_27,0.0
R_dimidiatus_21_R_dimidiatus_30,0.0
R_dimidiatus_21_R_dimidiatus_33,0.0
R_dimidiatus_21_R_dimidiatus_36,0.0
R_dimidiatus_21_RR_dimidiatus_37,0.0
R_dimidiatus_21_R_dimidiatus_38,0.0
R_dimidiatus_21_R_dimidiatus_40,0.0
R_dimidiatus_21_R_dimidiatus_41,0.0
R_dimidiatus_21_R_dimidiatus_42,0.0
R_dimidiatus_21_R_dimidiatus_43,0.0
R_dimidiatus_21_R_dimidiatus_44,0.0
R_dimidiatus_21_R_dimidiatus_45,0.0
R_dimidiatus_21_R_dimidiatus_47,0.0
R_dimidiatus_21_R_dimidiatus_49,0.0
R_dimidiatus_21_R_dimidiatus_52,0.0
R_dimidiatus_21_R_dimidiatus_53,0.0
R_dimidiatus_21_R_dimidiatus_59,0.0
R_dimidiatus_21_R_dimidiatus_65,0.0
R_dimidiatus_21_R_dimidiatus_66,0.0
R_dimidiatus_21_R_dimidiatus_67,0.0
R_dimidiatus_21_R_dimidiatus_68,0.0
R_dimidiatus_21_R_dimidiatus_69,0.0
R_dimidiatus_21_R_dimidiatus_70,0.0
R_dimidiatus_21_R_dimidiatus_72,0.0
R_dimidiatus_21_R_dimidiatus_74,0.0
R_dimidiatus_21_R_dimidiatus_76,0.0
R_dimidiatus_21_R_dimidiatus_77,0.0
R_dimidiatus_21_R_dimidiatus_78,0.0
R_dimidiatus_21_R_dimidiatus_80,0.0
R_dimidiatus_21_R_dimidiatus_83,0.0
R_dimidiatus_21_R_dimidiatus_84,0.0
R_dimidiatus_21_R_dimidiatus_85,0.0
R_dimidiatus_21_R_dimidiatus_86,0.0
R_dimidiatus_21_R_dimidiatus_90,0.0
R_dimidiatus_21_R_dimidiatus_98,0.0
R_dimidiatus_21_R_dimidiatus_102,0.0
R_dimidiatus_21_R_dimidiatus_106,0.0
R_dimidiatus_21_R_dimidiatus_200,0.0
R_dimidiatus_21_R_dimidiatus_201,0.0
R_dimidiatus_21_R_dimidiatus_203,0.0
R_dimidiatus_21_R_dimidiatus_204,0.0
R_dimidiatus_21_R_dimidiatus_205,0.0
R_dimidiatus_24_R_dimidiatus_27,0.0
R_dimidiatus_24_R_dimidiatus_30,0.0
R_dimidiatus_24_R_dimidiatus_33,0.3333
R_dimidiatus_24_R_dimidiatus_36,0.0
R_dimidiatus_24_RR_dimidiatus_37,0.1667
R_dimidiatus_24_R_dimidiatus_38,0.0
R_dimidiatus_24_R_dimidiatus_40,0.0
R_dimidiatus_24_R_dimidiatus_41,0.1667
R_dimidiatus_24_R_dimidiatus_42,0.0
R_dimidiatus_24_R_dimidiatus_43,0.0
R_dimidiatus_24_R_dimidiatus_44,0.0
R_dimidiatus_24_R_dimidiatus_45,0.0
R_dimidiatus_24_R_dimidiatus_47,0.0
R_dimidiatus_24_R_dimidiatus_49,0.1667
R_dimidiatus_24_R_dimidiatus_52,0.0
R_dimidiatus_24_R_dimidiatus_53,0.0
R_dimidiatus_24_R_dimidiatus_59,0.1667
R_dimidiatus_24_R_dimidiatus_65,0.1667
R_dimidiatus_24_R_dimidiatus_66,0.0
R_dimidiatus_24_R_dimidiatus_67,0.0
R_dimidiatus_24_R_dimidiatus_68,0.0
R_dimidiatus_24_R_dimidiatus_69,0.0
R_dimidiatus_24_R_dimidiatus_70,0.1667
R_dimidiatus_24_R_dimidiatus_72,0.0
R_dimidiatus_24_R_dimidiatus_74,0.0
R_dimidiatus_24_R_dimidiatus_76,0.0
R_dimidiatus_24_R_dimidiatus_77,0.0
R_dimidiatus_24_R_dimidiatus_78,0.1667
R_dimidiatus_24_R_dimidiatus_80,0.0
R_dimidiatus_24_R_dimidiatus_83,0.0
R_dimidiatus_24_R_dimidiatus_84,0.0
R_dimidiatus_24_R_dimidiatus_85,0.0
R_dimidiatus_24_R_dimidiatus_86,0.0
R_dimidiatus_24_R_dimidiatus_90,0.1667
R_dimidiatus_24_R_dimidiatus_98,0.0
R_dimidiatus_24_R_dimidiatus_102,0.1667
R_dimidiatus_24_R_dimidiatus_106,0.0
R_dimidiatus_24_R_dimidiatus_200,0.0
R_dimidiatus_24_R_dimidiatus_201,0.0
R_dimidiatus_24_R_dimidiatus_203,0.0
R_dimidiatus_24_R_dimidiatus_204,0.0
R_dimidiatus_24_R_dimidiatus_205,0.0
R_dimidiatus_27_R_dimidiatus_30,0.0
R_dimidiatus_27_R_dimidiatus_33,0.0
R_dimidiatus_27_R_dimidiatus_36,0.1667
R_dimidiatus_27_RR_dimidiatus_37,0.0
R_dimidiatus_27_R_dimidiatus_38,0.1667
R_dimidiatus_27_R_dimidiatus_40,0.0
R_dimidiatus_27_R_dimidiatus_41,0.1667
R_dimidiatus_27_R_dimidiatus_42,0.0
R_dimidiatus_27_R_dimidiatus_43,0.0
R_dimidiatus_27_R_dimidiatus_44,0.0
R_dimidiatus_27_R_dimidiatus_45,0.0
R_dimidiatus_27_R_dimidiatus_47,0.0
R_dimidiatus_27_R_dimidiatus_49,0.0
R_dimidiatus_27_R_dimidiatus_52,0.1667
R_dimidiatus_27_R_dimidiatus_53,0.0
R_dimidiatus_27_R_dimidiatus_59,0.0
R_dimidiatus_27_R_dimidiatus_65,0.0
R_dimidiatus_27_R_dimidiatus_66,0.0
R_dimidiatus_27_R_dimidiatus_67,0.0
R_dimidiatus_27_R_dimidiatus_68,0.0
R_dimidiatus_27_R_dimidiatus_69,0.0
R_dimidiatus_27_R_dimidiatus_70,0.1667
R_dimidiatus_27_R_dimidiatus_72,0.0
R_dimidiatus_27_R_dimidiatus_74,0.0
R_dimidiatus_27_R_dimidiatus_76,0.0
R_dimidiatus_27_R_dimidiatus_77,0.0
R_dimidiatus_27_R_dimidiatus_78,0.0
R_dimidiatus_27_R_dimidiatus_80,0.0
R_dimidiatus_27_R_dimidiatus_83,0.0
R_dimidiatus_27_R_dimidiatus_84,0.0
R_dimidiatus_27_R_dimidiatus_85,0.0
R_dimidiatus_27_R_dimidiatus_86,0.0
R_dimidiatus_27_R_dimidiatus_90,0.0
R_dimidiatus_27_R_dimidiatus_98,0.0
R_dimidiatus_27_R_dimidiatus_102,0.0
R_dimidiatus_27_R_dimidiatus_106,0.0
R_dimidiatus_27_R_dimidiatus_200,0.0
R_dimidiatus_27_R_dimidiatus_201,0.0
R_dimidiatus_27_R_dimidiatus_203,0.0
R_dimidiatus_27_R_dimidiatus_204,0.0
R_dimidiatus_27_R_dimidiatus_205,0.1667
R_dimidiatus_30_R_dimidiatus_33,0.0
R_dimidiatus_30_R_dimidiatus_36,0.1667
R_dimidiatus_30_RR_dimidiatus_37,0.0
R_dimidiatus_30_R_dimidiatus_38,0.0
R_dimidiatus_30_R_dimidiatus_40,0.1667
R_dimidiatus_30_R_dimidiatus_41,0.0
R_dimidiatus_30_R_dimidiatus_42,0.0
R_dimidiatus_30_R_dimidiatus_43,0.0
R_dimidiatus_30_R_dimidiatus_44,0.0
R_dimidiatus_30_R_dimidiatus_45,0.0
R_dimidiatus_30_R_dimidiatus_47,0.0
R_dimidiatus_30_R_dimidiatus_49,0.0
R_dimidiatus_30_R_dimidiatus_52,0.0
R_dimidiatus_30_R_dimidiatus_53,0.0
R_dimidiatus_30_R_dimidiatus_59,0.0
R_dimidiatus_30_R_dimidiatus_65,0.0
R_dimidiatus_30_R_dimidiatus_66,0.0
R_dimidiatus_30_R_dimidiatus_67,0.0
R_dimidiatus_30_R_dimidiatus_68,0.0
R_dimidiatus_30_R_dimidiatus_69,0.0
R_dimidiatus_30_R_dimidiatus_70,0.1667
R_dimidiatus_30_R_dimidiatus_72,0.1667
R_dimidiatus_30_R_dimidiatus_74,0.0
R_dimidiatus_30_R_dimidiatus_76,0.0
R_dimidiatus_30_R_dimidiatus_77,0.0
R_dimidiatus_30_R_dimidiatus_78,0.0
R_dimidiatus_30_R_dimidiatus_80,0.0
R_dimidiatus_30_R_dimidiatus_83,0.0
R_dimidiatus_30_R_dimidiatus_84,0.0
R_dimidiatus_30_R_dimidiatus_85,0.0
R_dimidiatus_30_R_dimidiatus_86,0.0
R_dimidiatus_30_R_dimidiatus_90,0.0
R_dimidiatus_30_R_dimidiatus_98,0.0
R_dimidiatus_30_R_dimidiatus_102,0.0
R_dimidiatus_30_R_dimidiatus_106,0.0
R_dimidiatus_30_R_dimidiatus_200,0.0
R_dimidiatus_30_R_dimidiatus_201,0.0
R_dimidiatus_30_R_dimidiatus_203,0.0
R_dimidiatus_30_R_dimidiatus_204,0.0
R_dimidiatus_30_R_dimidiatus_205,0.0
R_dimidiatus_33_R_dimidiatus_36,0.0
R_dimidiatus_33_RR_dimidiatus_37,0.1667
R_dimidiatus_33_R_dimidiatus_38,0.0
R_dimidiatus_33_R_dimidiatus_40,0.0
R_dimidiatus_33_R_dimidiatus_41,0.0
R_dimidiatus_33_R_dimidiatus_42,0.0
R_dimidiatus_33_R_dimidiatus_43,0.0
R_dimidiatus_33_R_dimidiatus_44,0.0
R_dimidiatus_33_R_dimidiatus_45,0.0
R_dimidiatus_33_R_dimidiatus_47,0.0
R_dimidiatus_33_R_dimidiatus_49,0.1667
R_dimidiatus_33_R_dimidiatus_52,0.0
R_dimidiatus_33_R_dimidiatus_53,0.0
R_dimidiatus_33_R_dimidiatus_59,0.1667
R_dimidiatus_33_R_dimidiatus_65,0.1667
R_dimidiatus_33_R_dimidiatus_66,0.0
R_dimidiatus_33_R_dimidiatus_67,0.0
R_dimidiatus_33_R_dimidiatus_68,0.0
R_dimidiatus_33_R_dimidiatus_69,0.0
R_dimidiatus_33_R_dimidiatus_70,0.1667
R_dimidiatus_33_R_dimidiatus_72,0.0
R_dimidiatus_33_R_dimidiatus_74,0.0
R_dimidiatus_33_R_dimidiatus_76,0.0
R_dimidiatus_33_R_dimidiatus_77,0.0
R_dimidiatus_33_R_dimidiatus_78,0.0
R_dimidiatus_33_R_dimidiatus_80,0.1667
R_dimidiatus_33_R_dimidiatus_83,0.0
R_dimidiatus_33_R_dimidiatus_84,0.0
R_dimidiatus_33_R_dimidiatus_85,0.0
R_dimidiatus_33_R_dimidiatus_86,0.0
R_dimidiatus_33_R_dimidiatus_90,0.3333
R_dimidiatus_33_R_dimidiatus_98,0.0
R_dimidiatus_33_R_dimidiatus_102,0.1667
R_dimidiatus_33_R_dimidiatus_106,0.0
R_dimidiatus_33_R_dimidiatus_200,0.0
R_dimidiatus_33_R_dimidiatus_201,0.0
R_dimidiatus_33_R_dimidiatus_203,0.0
R_dimidiatus_33_R_dimidiatus_204,0.0
R_dimidiatus_33_R_dimidiatus_205,0.0
R_dimidiatus_36_RR_dimidiatus_37,0.0
R_dimidiatus_36_R_dimidiatus_38,0.0
R_dimidiatus_36_R_dimidiatus_40,0.0
R_dimidiatus_36_R_dimidiatus_41,0.0
R_dimidiatus_36_R_dimidiatus_42,0.0
R_dimidiatus_36_R_dimidiatus_43,0.0
R_dimidiatus_36_R_dimidiatus_44,0.0
R_dimidiatus_36_R_dimidiatus_45,0.0
R_dimidiatus_36_R_dimidiatus_47,0.0
R_dimidiatus_36_R_dimidiatus_49,0.0
R_dimidiatus_36_R_dimidiatus_52,0.0
R_dimidiatus_36_R_dimidiatus_53,0.0
R_dimidiatus_36_R_dimidiatus_59,0.0
R_dimidiatus_36_R_dimidiatus_65,0.0
R_dimidiatus_36_R_dimidiatus_66,0.0
R_dimidiatus_36_R_dimidiatus_67,0.0
R_dimidiatus_36_R_dimidiatus_68,0.0
R_dimidiatus_36_R_dimidiatus_69,0.0
R_dimidiatus_36_R_dimidiatus_70,0.0
R_dimidiatus_36_R_dimidiatus_72,0.0
R_dimidiatus_36_R_dimidiatus_74,0.0
R_dimidiatus_36_R_dimidiatus_76,0.0
R_dimidiatus_36_R_dimidiatus_77,0.0
R_dimidiatus_36_R_dimidiatus_78,0.0
R_dimidiatus_36_R_dimidiatus_80,0.0
R_dimidiatus_36_R_dimidiatus_83,0.0
R_dimidiatus_36_R_dimidiatus_84,0.0
R_dimidiatus_36_R_dimidiatus_85,0.0
R_dimidiatus_36_R_dimidiatus_86,0.0
R_dimidiatus_36_R_dimidiatus_90,0.0
R_dimidiatus_36_R_dimidiatus_98,0.0
R_dimidiatus_36_R_dimidiatus_102,0.0
R_dimidiatus_36_R_dimidiatus_106,0.0
R_dimidiatus_36_R_dimidiatus_200,0.0
R_dimidiatus_36_R_dimidiatus_201,0.0
R_dimidiatus_36_R_dimidiatus_203,0.0
R_dimidiatus_36_R_dimidiatus_204,0.0
R_dimidiatus_36_R_dimidiatus_205,0.0
RR_dimidiatus_37_R_dimidiatus_38,0.0
RR_dimidiatus_37_R_dimidiatus_40,0.1667
RR_dimidiatus_37_R_dimidiatus_41,0.1667
RR_dimidiatus_37_R_dimidiatus_42,0.1667
RR_dimidiatus_37_R_dimidiatus_43,0.0
RR_dimidiatus_37_R_dimidiatus_44,0.0
RR_dimidiatus_37_R_dimidiatus_45,0.0
RR_dimidiatus_37_R_dimidiatus_47,0.1667
RR_dimidiatus_37_R_dimidiatus_49,0.0
RR_dimidiatus_37_R_dimidiatus_52,0.0
RR_dimidiatus_37_R_dimidiatus_53,0.0
RR_dimidiatus_37_R_dimidiatus_59,0.1667
RR_dimidiatus_37_R_dimidiatus_65,0.1667
RR_dimidiatus_37_R_dimidiatus_66,0.0
RR_dimidiatus_37_R_dimidiatus_67,0.0
RR_dimidiatus_37_R_dimidiatus_68,0.0
RR_dimidiatus_37_R_dimidiatus_69,0.0
RR_dimidiatus_37_R_dimidiatus_70,0.3333
RR_dimidiatus_37_R_dimidiatus_72,0.0
RR_dimidiatus_37_R_dimidiatus_74,0.0
RR_dimidiatus_37_R_dimidiatus_76,0.1667
RR_dimidiatus_37_R_dimidiatus_77,0.0
RR_dimidiatus_37_R_dimidiatus_78,0.0
RR_dimidiatus_37_R_dimidiatus_80,0.0
RR_dimidiatus_37_R_dimidiatus_83,0.0
RR_dimidiatus_37_R_dimidiatus_84,0.0
RR_dimidiatus_37_R_dimidiatus_85,0.0
RR_dimidiatus_37_R_dimidiatus_86,0.0
RR_dimidiatus_37_R_dimidiatus_90,0.1667
RR_dimidiatus_37_R_dimidiatus_98,0.0
RR_dimidiatus_37_R_dimidiatus_102,0.1667
RR_dimidiatus_37_R_dimidiatus_106,0.0
RR_dimidiatus_37_R_dimidiatus_200,0.0
RR_dimidiatus_37_R_dimidiatus_201,0.0
RR_dimidiatus_37_R_dimidiatus_203,0.0
RR_dimidiatus_37_R_dimidiatus_204,0.0
RR_dimidiatus_37_R_dimidiatus_205,0.0
R_dimidiatus_38_R_dimidiatus_40,0.0
R_dimidiatus_38_R_dimidiatus_41,0.0
R_dimidiatus_38_R_dimidiatus_42,0.0
R_dimidiatus_38_R_dimidiatus_43,0.0
R_dimidiatus_38_R_dimidiatus_44,0.0
R_dimidiatus_38_R_dimidiatus_45,0.0
R_dimidiatus_38_R_dimidiatus_47,0.0
R_dimidiatus_38_R_dimidiatus_49,0.0
R_dimidiatus_38_R_dimidiatus_52,0.1667
R_dimidiatus_38_R_dimidiatus_53,0.0
R_dimidiatus_38_R_dimidiatus_59,0.0
R_dimidiatus_38_R_dimidiatus_65,0.0
R_dimidiatus_38_R_dimidiatus_66,0.0
R_dimidiatus_38_R_dimidiatus_67,0.0
R_dimidiatus_38_R_dimidiatus_68,0.0
R_dimidiatus_38_R_dimidiatus_69,0.0
R_dimidiatus_38_R_dimidiatus_70,0.0
R_dimidiatus_38_R_dimidiatus_72,0.0
R_dimidiatus_38_R_dimidiatus_74,0.0
R_dimidiatus_38_R_dimidiatus_76,0.0
R_dimidiatus_38_R_dimidiatus_77,0.0
R_dimidiatus_38_R_dimidiatus_78,0.0
R_dimidiatus_38_R_dimidiatus_80,0.0
R_dimidiatus_38_R_dimidiatus_83,0.0
R_dimidiatus_38_R_dimidiatus_84,0.0
R_dimidiatus_38_R_dimidiatus_85,0.0
R_dimidiatus_38_R_dimidiatus_86,0.0
R_dimidiatus_38_R_dimidiatus_90,0.0
R_dimidiatus_38_R_dimidiatus_98,0.0
R_dimidiatus_38_R_dimidiatus_102,0.0
R_dimidiatus_38_R_dimidiatus_106,0.0
R_dimidiatus_38_R_dimidiatus_200,0.0
R_dimidiatus_38_R_dimidiatus_201,0.0
R_dimidiatus_38_R_dimidiatus_203,0.0
R_dimidiatus_38_R_dimidiatus_204,0.0
R_dimidiatus_38_R_dimidiatus_205,0.1667
R_dimidiatus_40_R_dimidiatus_41,0.1667
R_dimidiatus_40_R_dimidiatus_42,0.1667
R_dimidiatus_40_R_dimidiatus_43,0.0
R_dimidiatus_40_R_dimidiatus_44,0.0
R_dimidiatus_40_R_dimidiatus_45,0.0
R_dimidiatus_40_R_dimidiatus_47,0.0
R_dimidiatus_40_R_dimidiatus_49,0.0
R_dimidiatus_40_R_dimidiatus_52,0.0
R_dimidiatus_40_R_dimidiatus_53,0.0
R_dimidiatus_40_R_dimidiatus_59,0.0
R_dimidiatus_40_R_dimidiatus_65,0.0
R_dimidiatus_40_R_dimidiatus_66,0.0
R_dimidiatus_40_R_dimidiatus_67,0.0
R_dimidiatus_40_R_dimidiatus_68,0.0
R_dimidiatus_40_R_dimidiatus_69,0.0
R_dimidiatus_40_R_dimidiatus_70,0.1667
R_dimidiatus_40_R_dimidiatus_72,0.0
R_dimidiatus_40_R_dimidiatus_74,0.0
R_dimidiatus_40_R_dimidiatus_76,0.0
R_dimidiatus_40_R_dimidiatus_77,0.0
R_dimidiatus_40_R_dimidiatus_78,0.0
R_dimidiatus_40_R_dimidiatus_80,0.0
R_dimidiatus_40_R_dimidiatus_83,0.0
R_dimidiatus_40_R_dimidiatus_84,0.0
R_dimidiatus_40_R_dimidiatus_85,0.0
R_dimidiatus_40_R_dimidiatus_86,0.0
R_dimidiatus_40_R_dimidiatus_90,0.0
R_dimidiatus_40_R_dimidiatus_98,0.0
R_dimidiatus_40_R_dimidiatus_102,0.0
R_dimidiatus_40_R_dimidiatus_106,0.0
R_dimidiatus_40_R_dimidiatus_200,0.0
R_dimidiatus_40_R_dimidiatus_201,0.0
R_dimidiatus_40_R_dimidiatus_203,0.0
R_dimidiatus_40_R_dimidiatus_204,0.0
R_dimidiatus_40_R_dimidiatus_205,0.0
R_dimidiatus_41_R_dimidiatus_42,0.1667
R_dimidiatus_41_R_dimidiatus_43,0.0
R_dimidiatus_41_R_dimidiatus_44,0.0
R_dimidiatus_41_R_dimidiatus_45,0.0
R_dimidiatus_41_R_dimidiatus_47,0.0
R_dimidiatus_41_R_dimidiatus_49,0.0
R_dimidiatus_41_R_dimidiatus_52,0.0
R_dimidiatus_41_R_dimidiatus_53,0.0
R_dimidiatus_41_R_dimidiatus_59,0.0
R_dimidiatus_41_R_dimidiatus_65,0.0
R_dimidiatus_41_R_dimidiatus_66,0.0
R_dimidiatus_41_R_dimidiatus_67,0.0
R_dimidiatus_41_R_dimidiatus_68,0.0
R_dimidiatus_41_R_dimidiatus_69,0.0
R_dimidiatus_41_R_dimidiatus_70,0.1667
R_dimidiatus_41_R_dimidiatus_72,0.0
R_dimidiatus_41_R_dimidiatus_74,0.0
R_dimidiatus_41_R_dimidiatus_76,0.0
R_dimidiatus_41_R_dimidiatus_77,0.0
R_dimidiatus_41_R_dimidiatus_78,0.0
R_dimidiatus_41_R_dimidiatus_80,0.0
R_dimidiatus_41_R_dimidiatus_83,0.0
R_dimidiatus_41_R_dimidiatus_84,0.0
R_dimidiatus_41_R_dimidiatus_85,0.0
R_dimidiatus_41_R_dimidiatus_86,0.0
R_dimidiatus_41_R_dimidiatus_90,0.0
R_dimidiatus_41_R_dimidiatus_98,0.0
R_dimidiatus_41_R_dimidiatus_102,0.0
R_dimidiatus_41_R_dimidiatus_106,0.0
R_dimidiatus_41_R_dimidiatus_200,0.0
R_dimidiatus_41_R_dimidiatus_201,0.0
R_dimidiatus_41_R_dimidiatus_203,0.0
R_dimidiatus_41_R_dimidiatus_204,0.0
R_dimidiatus_41_R_dimidiatus_205,0.0
R_dimidiatus_42_R_dimidiatus_43,0.1667
R_dimidiatus_42_R_dimidiatus_44,0.0
R_dimidiatus_42_R_dimidiatus_45,0.1667
R_dimidiatus_42_R_dimidiatus_47,0.0
R_dimidiatus_42_R_dimidiatus_49,0.0
R_dimidiatus_42_R_dimidiatus_52,0.1667
R_dimidiatus_42_R_dimidiatus_53,0.0
R_dimidiatus_42_R_dimidiatus_59,0.0
R_dimidiatus_42_R_dimidiatus_65,0.0
R_dimidiatus_42_R_dimidiatus_66,0.0
R_dimidiatus_42_R_dimidiatus_67,0.1667
R_dimidiatus_42_R_dimidiatus_68,0.0
R_dimidiatus_42_R_dimidiatus_69,0.0
R_dimidiatus_42_R_dimidiatus_70,0.1667
R_dimidiatus_42_R_dimidiatus_72,0.0
R_dimidiatus_42_R_dimidiatus_74,0.0
R_dimidiatus_42_R_dimidiatus_76,0.0
R_dimidiatus_42_R_dimidiatus_77,0.0
R_dimidiatus_42_R_dimidiatus_78,0.0
R_dimidiatus_42_R_dimidiatus_80,0.0
R_dimidiatus_42_R_dimidiatus_83,0.0
R_dimidiatus_42_R_dimidiatus_84,0.0
R_dimidiatus_42_R_dimidiatus_85,0.0
R_dimidiatus_42_R_dimidiatus_86,0.0
R_dimidiatus_42_R_dimidiatus_90,0.0
R_dimidiatus_42_R_dimidiatus_98,0.0
R_dimidiatus_42_R_dimidiatus_102,0.0
R_dimidiatus_42_R_dimidiatus_106,0.0
R_dimidiatus_42_R_dimidiatus_200,0.0
R_dimidiatus_42_R_dimidiatus_201,0.0
R_dimidiatus_42_R_dimidiatus_203,0.0
R_dimidiatus_42_R_dimidiatus_204,0.0
R_dimidiatus_42_R_dimidiatus_205,0.0
R_dimidiatus_43_R_dimidiatus_44,0.0
R_dimidiatus_43_R_dimidiatus_45,0.1667
R_dimidiatus_43_R_dimidiatus_47,0.0
R_dimidiatus_43_R_dimidiatus_49,0.0
R_dimidiatus_43_R_dimidiatus_52,0.0
R_dimidiatus_43_R_dimidiatus_53,0.1667
R_dimidiatus_43_R_dimidiatus_59,0.0
R_dimidiatus_43_R_dimidiatus_65,0.0
R_dimidiatus_43_R_dimidiatus_66,0.0
R_dimidiatus_43_R_dimidiatus_67,0.1667
R_dimidiatus_43_R_dimidiatus_68,0.0
R_dimidiatus_43_R_dimidiatus_69,0.1667
R_dimidiatus_43_R_dimidiatus_70,0.0
R_dimidiatus_43_R_dimidiatus_72,0.0
R_dimidiatus_43_R_dimidiatus_74,0.0
R_dimidiatus_43_R_dimidiatus_76,0.0
R_dimidiatus_43_R_dimidiatus_77,0.0
R_dimidiatus_43_R_dimidiatus_78,0.1667
R_dimidiatus_43_R_dimidiatus_80,0.0
R_dimidiatus_43_R_dimidiatus_83,0.0
R_dimidiatus_43_R_dimidiatus_84,0.0
R_dimidiatus_43_R_dimidiatus_85,0.0
R_dimidiatus_43_R_dimidiatus_86,0.0
R_dimidiatus_43_R_dimidiatus_90,0.0
R_dimidiatus_43_R_dimidiatus_98,0.0
R_dimidiatus_43_R_dimidiatus_102,0.0
R_dimidiatus_43_R_dimidiatus_106,0.0
R_dimidiatus_43_R_dimidiatus_200,0.0
R_dimidiatus_43_R_dimidiatus_201,0.0
R_dimidiatus_43_R_dimidiatus_203,0.0
R_dimidiatus_43_R_dimidiatus_204,0.0
R_dimidiatus_43_R_dimidiatus_205,0.0
R_dimidiatus_44_R_dimidiatus_45,0.0
R_dimidiatus_44_R_dimidiatus_47,0.0
R_dimidiatus_44_R_dimidiatus_49,0.0
R_dimidiatus_44_R_dimidiatus_52,0.0
R_dimidiatus_44_R_dimidiatus_53,0.0
R_dimidiatus_44_R_dimidiatus_59,0.0
R_dimidiatus_44_R_dimidiatus_65,0.0
R_dimidiatus_44_R_dimidiatus_66,0.0
R_dimidiatus_44_R_dimidiatus_67,0.1667
R_dimidiatus_44_R_dimidiatus_68,0.0
R_dimidiatus_44_R_dimidiatus_69,0.0
R_dimidiatus_44_R_dimidiatus_70,0.0
R_dimidiatus_44_R_dimidiatus_72,0.0
R_dimidiatus_44_R_dimidiatus_74,0.0
R_dimidiatus_44_R_dimidiatus_76,0.0
R_dimidiatus_44_R_dimidiatus_77,0.0
R_dimidiatus_44_R_dimidiatus_78,0.0
R_dimidiatus_44_R_dimidiatus_80,0.0
R_dimidiatus_44_R_dimidiatus_83,0.0
R_dimidiatus_44_R_dimidiatus_84,0.0
R_dimidiatus_44_R_dimidiatus_85,0.1667
R_dimidiatus_44_R_dimidiatus_86,0.1667
R_dimidiatus_44_R_dimidiatus_90,0.0
R_dimidiatus_44_R_dimidiatus_98,0.0
R_dimidiatus_44_R_dimidiatus_102,0.0
R_dimidiatus_44_R_dimidiatus_106,0.0
R_dimidiatus_44_R_dimidiatus_200,0.0
R_dimidiatus_44_R_dimidiatus_201,0.0
R_dimidiatus_44_R_dimidiatus_203,0.0
R_dimidiatus_44_R_dimidiatus_204,0.0
R_dimidiatus_44_R_dimidiatus_205,0.0
R_dimidiatus_45_R_dimidiatus_47,0.0
R_dimidiatus_45_R_dimidiatus_49,0.0
R_dimidiatus_45_R_dimidiatus_52,0.0
R_dimidiatus_45_R_dimidiatus_53,0.0
R_dimidiatus_45_R_dimidiatus_59,0.0
R_dimidiatus_45_R_dimidiatus_65,0.0
R_dimidiatus_45_R_dimidiatus_66,0.0
R_dimidiatus_45_R_dimidiatus_67,0.1667
R_dimidiatus_45_R_dimidiatus_68,0.0
R_dimidiatus_45_R_dimidiatus_69,0.0
R_dimidiatus_45_R_dimidiatus_70,0.0
R_dimidiatus_45_R_dimidiatus_72,0.1667
R_dimidiatus_45_R_dimidiatus_74,0.0
R_dimidiatus_45_R_dimidiatus_76,0.0
R_dimidiatus_45_R_dimidiatus_77,0.0
R_dimidiatus_45_R_dimidiatus_78,0.0
R_dimidiatus_45_R_dimidiatus_80,0.0
R_dimidiatus_45_R_dimidiatus_83,0.0
R_dimidiatus_45_R_dimidiatus_84,0.0
R_dimidiatus_45_R_dimidiatus_85,0.0
R_dimidiatus_45_R_dimidiatus_86,0.1667
R_dimidiatus_45_R_dimidiatus_90,0.0
R_dimidiatus_45_R_dimidiatus_98,0.0
R_dimidiatus_45_R_dimidiatus_102,0.0
R_dimidiatus_45_R_dimidiatus_106,0.0
R_dimidiatus_45_R_dimidiatus_200,0.0
R_dimidiatus_45_R_dimidiatus_201,0.0
R_dimidiatus_45_R_dimidiatus_203,0.0
R_dimidiatus_45_R_dimidiatus_204,0.0
R_dimidiatus_45_R_dimidiatus_205,0.0
R_dimidiatus_47_R_dimidiatus_49,0.0
R_dimidiatus_47_R_dimidiatus_52,0.0
R_dimidiatus_47_R_dimidiatus_53,0.0
R_dimidiatus_47_R_dimidiatus_59,0.0
R_dimidiatus_47_R_dimidiatus_65,0.0
R_dimidiatus_47_R_dimidiatus_66,0.0
R_dimidiatus_47_R_dimidiatus_67,0.0
R_dimidiatus_47_R_dimidiatus_68,0.0
R_dimidiatus_47_R_dimidiatus_69,0.0
R_dimidiatus_47_R_dimidiatus_70,0.0
R_dimidiatus_47_R_dimidiatus_72,0.0
R_dimidiatus_47_R_dimidiatus_74,0.0
R_dimidiatus_47_R_dimidiatus_76,0.0
R_dimidiatus_47_R_dimidiatus_77,0.0
R_dimidiatus_47_R_dimidiatus_78,0.0
R_dimidiatus_47_R_dimidiatus_80,0.0
R_dimidiatus_47_R_dimidiatus_83,0.0
R_dimidiatus_47_R_dimidiatus_84,0.0
R_dimidiatus_47_R_dimidiatus_85,0.0
R_dimidiatus_47_R_dimidiatus_86,0.0
R_dimidiatus_47_R_dimidiatus_90,0.0
R_dimidiatus_47_R_dimidiatus_98,0.1667
R_dimidiatus_47_R_dimidiatus_102,0.1667
R_dimidiatus_47_R_dimidiatus_106,0.0
R_dimidiatus_47_R_dimidiatus_200,0.0
R_dimidiatus_47_R_dimidiatus_201,0.0
R_dimidiatus_47_R_dimidiatus_203,0.0
R_dimidiatus_47_R_dimidiatus_204,0.0
R_dimidiatus_47_R_dimidiatus_205,0.0
R_dimidiatus_49_R_dimidiatus_52,0.1667
R_dimidiatus_49_R_dimidiatus_53,0.0
R_dimidiatus_49_R_dimidiatus_59,0.0
R_dimidiatus_49_R_dimidiatus_65,0.0
R_dimidiatus_49_R_dimidiatus_66,0.0
R_dimidiatus_49_R_dimidiatus_67,0.0
R_dimidiatus_49_R_dimidiatus_68,0.0
R_dimidiatus_49_R_dimidiatus_69,0.0
R_dimidiatus_49_R_dimidiatus_70,0.0
R_dimidiatus_49_R_dimidiatus_72,0.0
R_dimidiatus_49_R_dimidiatus_74,0.0
R_dimidiatus_49_R_dimidiatus_76,0.0
R_dimidiatus_49_R_dimidiatus_77,0.0
R_dimidiatus_49_R_dimidiatus_78,0.0
R_dimidiatus_49_R_dimidiatus_80,0.0
R_dimidiatus_49_R_dimidiatus_83,0.0
R_dimidiatus_49_R_dimidiatus_84,0.0
R_dimidiatus_49_R_dimidiatus_85,0.0
R_dimidiatus_49_R_dimidiatus_86,0.0
R_dimidiatus_49_R_dimidiatus_90,0.0
R_dimidiatus_49_R_dimidiatus_98,0.0
R_dimidiatus_49_R_dimidiatus_102,0.0
R_dimidiatus_49_R_dimidiatus_106,0.0
R_dimidiatus_49_R_dimidiatus_200,0.1667
R_dimidiatus_49_R_dimidiatus_201,0.0
R_dimidiatus_49_R_dimidiatus_203,0.0
R_dimidiatus_49_R_dimidiatus_204,0.0
R_dimidiatus_49_R_dimidiatus_205,0.0
R_dimidiatus_52_R_dimidiatus_53,0.0
R_dimidiatus_52_R_dimidiatus_59,0.0
R_dimidiatus_52_R_dimidiatus_65,0.0
R_dimidiatus_52_R_dimidiatus_66,0.0
R_dimidiatus_52_R_dimidiatus_67,0.0
R_dimidiatus_52_R_dimidiatus_68,0.0
R_dimidiatus_52_R_dimidiatus_69,0.0
R_dimidiatus_52_R_dimidiatus_70,0.0
R_dimidiatus_52_R_dimidiatus_72,0.0
R_dimidiatus_52_R_dimidiatus_74,0.0
R_dimidiatus_52_R_dimidiatus_76,0.0
R_dimidiatus_52_R_dimidiatus_77,0.0
R_dimidiatus_52_R_dimidiatus_78,0.0
R_dimidiatus_52_R_dimidiatus_80,0.1667
R_dimidiatus_52_R_dimidiatus_83,0.0
R_dimidiatus_52_R_dimidiatus_84,0.0
R_dimidiatus_52_R_dimidiatus_85,0.0
R_dimidiatus_52_R_dimidiatus_86,0.0
R_dimidiatus_52_R_dimidiatus_90,0.0
R_dimidiatus_52_R_dimidiatus_98,0.0
R_dimidiatus_52_R_dimidiatus_102,0.0
R_dimidiatus_52_R_dimidiatus_106,0.0
R_dimidiatus_52_R_dimidiatus_200,0.1667
R_dimidiatus_52_R_dimidiatus_201,0.0
R_dimidiatus_52_R_dimidiatus_203,0.0
R_dimidiatus_52_R_dimidiatus_204,0.0
R_dimidiatus_52_R_dimidiatus_205,0.1667
R_dimidiatus_53_R_dimidiatus_59,0.0
R_dimidiatus_53_R_dimidiatus_65,0.0
R_dimidiatus_53_R_dimidiatus_66,0.0
R_dimidiatus_53_R_dimidiatus_67,0.0
R_dimidiatus_53_R_dimidiatus_68,0.0
R_dimidiatus_53_R_dimidiatus_69,0.1667
R_dimidiatus_53_R_dimidiatus_70,0.0
R_dimidiatus_53_R_dimidiatus_72,0.1667
R_dimidiatus_53_R_dimidiatus_74,0.0
R_dimidiatus_53_R_dimidiatus_76,0.0
R_dimidiatus_53_R_dimidiatus_77,0.0
R_dimidiatus_53_R_dimidiatus_78,0.0
R_dimidiatus_53_R_dimidiatus_80,0.1667
R_dimidiatus_53_R_dimidiatus_83,0.0
R_dimidiatus_53_R_dimidiatus_84,0.0
R_dimidiatus_53_R_dimidiatus_85,0.0
R_dimidiatus_53_R_dimidiatus_86,0.0
R_dimidiatus_53_R_dimidiatus_90,0.0
R_dimidiatus_53_R_dimidiatus_98,0.0
R_dimidiatus_53_R_dimidiatus_102,0.0
R_dimidiatus_53_R_dimidiatus_106,0.0
R_dimidiatus_53_R_dimidiatus_200,0.0
R_dimidiatus_53_R_dimidiatus_201,0.0
R_dimidiatus_53_R_dimidiatus_203,0.0
R_dimidiatus_53_R_dimidiatus_204,0.0
R_dimidiatus_53_R_dimidiatus_205,0.0
R_dimidiatus_59_R_dimidiatus_65,0.1667
R_dimidiatus_59_R_dimidiatus_66,0.0
R_dimidiatus_59_R_dimidiatus_67,0.0
R_dimidiatus_59_R_dimidiatus_68,0.0
R_dimidiatus_59_R_dimidiatus_69,0.0
R_dimidiatus_59_R_dimidiatus_70,0.1667
R_dimidiatus_59_R_dimidiatus_72,0.0
R_dimidiatus_59_R_dimidiatus_74,0.0
R_dimidiatus_59_R_dimidiatus_76,0.0
R_dimidiatus_59_R_dimidiatus_77,0.0
R_dimidiatus_59_R_dimidiatus_78,0.0
R_dimidiatus_59_R_dimidiatus_80,0.0
R_dimidiatus_59_R_dimidiatus_83,0.0
R_dimidiatus_59_R_dimidiatus_84,0.0
R_dimidiatus_59_R_dimidiatus_85,0.0
R_dimidiatus_59_R_dimidiatus_86,0.0
R_dimidiatus_59_R_dimidiatus_90,0.1667
R_dimidiatus_59_R_dimidiatus_98,0.0
R_dimidiatus_59_R_dimidiatus_102,0.1667
R_dimidiatus_59_R_dimidiatus_106,0.0
R_dimidiatus_59_R_dimidiatus_200,0.0
R_dimidiatus_59_R_dimidiatus_201,0.0
R_dimidiatus_59_R_dimidiatus_203,0.0
R_dimidiatus_59_R_dimidiatus_204,0.0
R_dimidiatus_59_R_dimidiatus_205,0.0
R_dimidiatus_65_R_dimidiatus_66,0.0
R_dimidiatus_65_R_dimidiatus_67,0.0
R_dimidiatus_65_R_dimidiatus_68,0.1667
R_dimidiatus_65_R_dimidiatus_69,0.0
R_dimidiatus_65_R_dimidiatus_70,0.1667
R_dimidiatus_65_R_dimidiatus_72,0.0
R_dimidiatus_65_R_dimidiatus_74,0.0
R_dimidiatus_65_R_dimidiatus_76,0.0
R_dimidiatus_65_R_dimidiatus_77,0.1667
R_dimidiatus_65_R_dimidiatus_78,0.0
R_dimidiatus_65_R_dimidiatus_80,0.0
R_dimidiatus_65_R_dimidiatus_83,0.0
R_dimidiatus_65_R_dimidiatus_84,0.0
R_dimidiatus_65_R_dimidiatus_85,0.0
R_dimidiatus_65_R_dimidiatus_86,0.0
R_dimidiatus_65_R_dimidiatus_90,0.1667
R_dimidiatus_65_R_dimidiatus_98,0.0
R_dimidiatus_65_R_dimidiatus_102,0.1667
R_dimidiatus_65_R_dimidiatus_106,0.0
R_dimidiatus_65_R_dimidiatus_200,0.0
R_dimidiatus_65_R_dimidiatus_201,0.0
R_dimidiatus_65_R_dimidiatus_203,0.0
R_dimidiatus_65_R_dimidiatus_204,0.0
R_dimidiatus_65_R_dimidiatus_205,0.0
R_dimidiatus_66_R_dimidiatus_67,0.0
R_dimidiatus_66_R_dimidiatus_68,0.0
R_dimidiatus_66_R_dimidiatus_69,0.0
R_dimidiatus_66_R_dimidiatus_70,0.0
R_dimidiatus_66_R_dimidiatus_72,0.0
R_dimidiatus_66_R_dimidiatus_74,0.0
R_dimidiatus_66_R_dimidiatus_76,0.0
R_dimidiatus_66_R_dimidiatus_77,0.0
R_dimidiatus_66_R_dimidiatus_78,0.1667
R_dimidiatus_66_R_dimidiatus_80,0.0
R_dimidiatus_66_R_dimidiatus_83,0.0
R_dimidiatus_66_R_dimidiatus_84,0.0
R_dimidiatus_66_R_dimidiatus_85,0.0
R_dimidiatus_66_R_dimidiatus_86,0.0
R_dimidiatus_66_R_dimidiatus_90,0.0
R_dimidiatus_66_R_dimidiatus_98,0.0
R_dimidiatus_66_R_dimidiatus_102,0.0
R_dimidiatus_66_R_dimidiatus_106,0.0
R_dimidiatus_66_R_dimidiatus_200,0.1667
R_dimidiatus_66_R_dimidiatus_201,0.0
R_dimidiatus_66_R_dimidiatus_203,0.0
R_dimidiatus_66_R_dimidiatus_204,0.0
R_dimidiatus_66_R_dimidiatus_205,0.0
R_dimidiatus_67_R_dimidiatus_68,0.0
R_dimidiatus_67_R_dimidiatus_69,0.0
R_dimidiatus_67_R_dimidiatus_70,0.0
R_dimidiatus_67_R_dimidiatus_72,0.0
R_dimidiatus_67_R_dimidiatus_74,0.0
R_dimidiatus_67_R_dimidiatus_76,0.0
R_dimidiatus_67_R_dimidiatus_77,0.0
R_dimidiatus_67_R_dimidiatus_78,0.0
R_dimidiatus_67_R_dimidiatus_80,0.0
R_dimidiatus_67_R_dimidiatus_83,0.0
R_dimidiatus_67_R_dimidiatus_84,0.0
R_dimidiatus_67_R_dimidiatus_85,0.1667
R_dimidiatus_67_R_dimidiatus_86,0.0
R_dimidiatus_67_R_dimidiatus_90,0.0
R_dimidiatus_67_R_dimidiatus_98,0.0
R_dimidiatus_67_R_dimidiatus_102,0.0
R_dimidiatus_67_R_dimidiatus_106,0.0
R_dimidiatus_67_R_dimidiatus_200,0.0
R_dimidiatus_67_R_dimidiatus_201,0.0
R_dimidiatus_67_R_dimidiatus_203,0.0
R_dimidiatus_67_R_dimidiatus_204,0.0
R_dimidiatus_67_R_dimidiatus_205,0.0
R_dimidiatus_68_R_dimidiatus_69,0.1667
R_dimidiatus_68_R_dimidiatus_70,0.0
R_dimidiatus_68_R_dimidiatus_72,0.0
R_dimidiatus_68_R_dimidiatus_74,0.0
R_dimidiatus_68_R_dimidiatus_76,0.0
R_dimidiatus_68_R_dimidiatus_77,0.1667
R_dimidiatus_68_R_dimidiatus_78,0.0
R_dimidiatus_68_R_dimidiatus_80,0.0
R_dimidiatus_68_R_dimidiatus_83,0.0
R_dimidiatus_68_R_dimidiatus_84,0.0
R_dimidiatus_68_R_dimidiatus_85,0.0
R_dimidiatus_68_R_dimidiatus_86,0.0
R_dimidiatus_68_R_dimidiatus_90,0.0
R_dimidiatus_68_R_dimidiatus_98,0.0
R_dimidiatus_68_R_dimidiatus_102,0.0
R_dimidiatus_68_R_dimidiatus_106,0.0
R_dimidiatus_68_R_dimidiatus_200,0.0
R_dimidiatus_68_R_dimidiatus_201,0.0
R_dimidiatus_68_R_dimidiatus_203,0.0
R_dimidiatus_68_R_dimidiatus_204,0.0
R_dimidiatus_68_R_dimidiatus_205,0.0
R_dimidiatus_69_R_dimidiatus_70,0.0
R_dimidiatus_69_R_dimidiatus_72,0.0
R_dimidiatus_69_R_dimidiatus_74,0.0
R_dimidiatus_69_R_dimidiatus_76,0.0
R_dimidiatus_69_R_dimidiatus_77,0.0
R_dimidiatus_69_R_dimidiatus_78,0.0
R_dimidiatus_69_R_dimidiatus_80,0.0
R_dimidiatus_69_R_dimidiatus_83,0.0
R_dimidiatus_69_R_dimidiatus_84,0.0
R_dimidiatus_69_R_dimidiatus_85,0.0
R_dimidiatus_69_R_dimidiatus_86,0.0
R_dimidiatus_69_R_dimidiatus_90,0.0
R_dimidiatus_69_R_dimidiatus_98,0.0
R_dimidiatus_69_R_dimidiatus_102,0.0
R_dimidiatus_69_R_dimidiatus_106,0.0
R_dimidiatus_69_R_dimidiatus_200,0.0
R_dimidiatus_69_R_dimidiatus_201,0.0
R_dimidiatus_69_R_dimidiatus_203,0.0
R_dimidiatus_69_R_dimidiatus_204,0.0
R_dimidiatus_69_R_dimidiatus_205,0.0
R_dimidiatus_70_R_dimidiatus_72,0.1667
R_dimidiatus_70_R_dimidiatus_74,0.0
R_dimidiatus_70_R_dimidiatus_76,0.0
R_dimidiatus_70_R_dimidiatus_77,0.0
R_dimidiatus_70_R_dimidiatus_78,0.0
R_dimidiatus_70_R_dimidiatus_80,0.0
R_dimidiatus_70_R_dimidiatus_83,0.0
R_dimidiatus_70_R_dimidiatus_84,0.0
R_dimidiatus_70_R_dimidiatus_85,0.0
R_dimidiatus_70_R_dimidiatus_86,0.0
R_dimidiatus_70_R_dimidiatus_90,0.1667
R_dimidiatus_70_R_dimidiatus_98,0.0
R_dimidiatus_70_R_dimidiatus_102,0.1667
R_dimidiatus_70_R_dimidiatus_106,0.0
R_dimidiatus_70_R_dimidiatus_200,0.1667
R_dimidiatus_70_R_dimidiatus_201,0.0
R_dimidiatus_70_R_dimidiatus_203,0.0
R_dimidiatus_70_R_dimidiatus_204,0.0
R_dimidiatus_70_R_dimidiatus_205,0.0
R_dimidiatus_72_R_dimidiatus_74,0.0
R_dimidiatus_72_R_dimidiatus_76,0.0
R_dimidiatus_72_R_dimidiatus_77,0.0
R_dimidiatus_72_R_dimidiatus_78,0.0
R_dimidiatus_72_R_dimidiatus_80,0.1667
R_dimidiatus_72_R_dimidiatus_83,0.0
R_dimidiatus_72_R_dimidiatus_84,0.0
R_dimidiatus_72_R_dimidiatus_85,0.0
R_dimidiatus_72_R_dimidiatus_86,0.0
R_dimidiatus_72_R_dimidiatus_90,0.0
R_dimidiatus_72_R_dimidiatus_98,0.0
R_dimidiatus_72_R_dimidiatus_102,0.0
R_dimidiatus_72_R_dimidiatus_106,0.0
R_dimidiatus_72_R_dimidiatus_200,0.0
R_dimidiatus_72_R_dimidiatus_201,0.1667
R_dimidiatus_72_R_dimidiatus_203,0.0
R_dimidiatus_72_R_dimidiatus_204,0.0
R_dimidiatus_72_R_dimidiatus_205,0.0
R_dimidiatus_74_R_dimidiatus_76,0.0
R_dimidiatus_74_R_dimidiatus_77,0.0
R_dimidiatus_74_R_dimidiatus_78,0.0
R_dimidiatus_74_R_dimidiatus_80,0.0
R_dimidiatus_74_R_dimidiatus_83,0.0
R_dimidiatus_74_R_dimidiatus_84,0.0
R_dimidiatus_74_R_dimidiatus_85,0.0
R_dimidiatus_74_R_dimidiatus_86,0.0
R_dimidiatus_74_R_dimidiatus_90,0.0
R_dimidiatus_74_R_dimidiatus_98,0.0
R_dimidiatus_74_R_dimidiatus_102,0.0
R_dimidiatus_74_R_dimidiatus_106,0.0
R_dimidiatus_74_R_dimidiatus_200,0.0
R_dimidiatus_74_R_dimidiatus_201,0.0
R_dimidiatus_74_R_dimidiatus_203,0.0
R_dimidiatus_74_R_dimidiatus_204,0.0
R_dimidiatus_74_R_dimidiatus_205,0.0
R_dimidiatus_76_R_dimidiatus_77,0.0
R_dimidiatus_76_R_dimidiatus_78,0.0
R_dimidiatus_76_R_dimidiatus_80,0.0
R_dimidiatus_76_R_dimidiatus_83,0.0
R_dimidiatus_76_R_dimidiatus_84,0.0
R_dimidiatus_76_R_dimidiatus_85,0.0
R_dimidiatus_76_R_dimidiatus_86,0.0
R_dimidiatus_76_R_dimidiatus_90,0.0
R_dimidiatus_76_R_dimidiatus_98,0.0
R_dimidiatus_76_R_dimidiatus_102,0.0
R_dimidiatus_76_R_dimidiatus_106,0.0
R_dimidiatus_76_R_dimidiatus_200,0.0
R_dimidiatus_76_R_dimidiatus_201,0.0
R_dimidiatus_76_R_dimidiatus_203,0.0
R_dimidiatus_76_R_dimidiatus_204,0.0
R_dimidiatus_76_R_dimidiatus_205,0.0
R_dimidiatus_77_R_dimidiatus_78,0.1667
R_dimidiatus_77_R_dimidiatus_80,0.0
R_dimidiatus_77_R_dimidiatus_83,0.0
R_dimidiatus_77_R_dimidiatus_84,0.0
R_dimidiatus_77_R_dimidiatus_85,0.0
R_dimidiatus_77_R_dimidiatus_86,0.0
R_dimidiatus_77_R_dimidiatus_90,0.0
R_dimidiatus_77_R_dimidiatus_98,0.0
R_dimidiatus_77_R_dimidiatus_102,0.0
R_dimidiatus_77_R_dimidiatus_106,0.0
R_dimidiatus_77_R_dimidiatus_200,0.0
R_dimidiatus_77_R_dimidiatus_201,0.0
R_dimidiatus_77_R_dimidiatus_203,0.1667
R_dimidiatus_77_R_dimidiatus_204,0.0
R_dimidiatus_77_R_dimidiatus_205,0.0
R_dimidiatus_78_R_dimidiatus_80,0.0
R_dimidiatus_78_R_dimidiatus_83,0.0
R_dimidiatus_78_R_dimidiatus_84,0.0
R_dimidiatus_78_R_dimidiatus_85,0.0
R_dimidiatus_78_R_dimidiatus_86,0.0
R_dimidiatus_78_R_dimidiatus_90,0.0
R_dimidiatus_78_R_dimidiatus_98,0.0
R_dimidiatus_78_R_dimidiatus_102,0.0
R_dimidiatus_78_R_dimidiatus_106,0.0
R_dimidiatus_78_R_dimidiatus_200,0.0
R_dimidiatus_78_R_dimidiatus_201,0.0
R_dimidiatus_78_R_dimidiatus_203,0.1667
R_dimidiatus_78_R_dimidiatus_204,0.1667
R_dimidiatus_78_R_dimidiatus_205,0.0
R_dimidiatus_80_R_dimidiatus_83,0.0
R_dimidiatus_80_R_dimidiatus_84,0.0
R_dimidiatus_80_R_dimidiatus_85,0.0
R_dimidiatus_80_R_dimidiatus_86,0.0
R_dimidiatus_80_R_dimidiatus_90,0.0
R_dimidiatus_80_R_dimidiatus_98,0.0
R_dimidiatus_80_R_dimidiatus_102,0.0
R_dimidiatus_80_R_dimidiatus_106,0.0
R_dimidiatus_80_R_dimidiatus_200,0.0
R_dimidiatus_80_R_dimidiatus_201,0.0
R_dimidiatus_80_R_dimidiatus_203,0.0
R_dimidiatus_80_R_dimidiatus_204,0.0
R_dimidiatus_80_R_dimidiatus_205,0.0
R_dimidiatus_83_R_dimidiatus_84,0.1667
R_dimidiatus_83_R_dimidiatus_85,0.0
R_dimidiatus_83_R_dimidiatus_86,0.0
R_dimidiatus_83_R_dimidiatus_90,0.0
R_dimidiatus_83_R_dimidiatus_98,0.0
R_dimidiatus_83_R_dimidiatus_102,0.0
R_dimidiatus_83_R_dimidiatus_106,0.0
R_dimidiatus_83_R_dimidiatus_200,0.0
R_dimidiatus_83_R_dimidiatus_201,0.0
R_dimidiatus_83_R_dimidiatus_203,0.0
R_dimidiatus_83_R_dimidiatus_204,0.0
R_dimidiatus_83_R_dimidiatus_205,0.0
R_dimidiatus_84_R_dimidiatus_85,0.0
R_dimidiatus_84_R_dimidiatus_86,0.0
R_dimidiatus_84_R_dimidiatus_90,0.0
R_dimidiatus_84_R_dimidiatus_98,0.0
R_dimidiatus_84_R_dimidiatus_102,0.0
R_dimidiatus_84_R_dimidiatus_106,0.0
R_dimidiatus_84_R_dimidiatus_200,0.0
R_dimidiatus_84_R_dimidiatus_201,0.0
R_dimidiatus_84_R_dimidiatus_203,0.1667
R_dimidiatus_84_R_dimidiatus_204,0.0
R_dimidiatus_84_R_dimidiatus_205,0.0
R_dimidiatus_85_R_dimidiatus_86,0.1667
R_dimidiatus_85_R_dimidiatus_90,0.1667
R_dimidiatus_85_R_dimidiatus_98,0.0
R_dimidiatus_85_R_dimidiatus_102,0.1667
R_dimidiatus_85_R_dimidiatus_106,0.1667
R_dimidiatus_85_R_dimidiatus_200,0.0
R_dimidiatus_85_R_dimidiatus_201,0.0
R_dimidiatus_85_R_dimidiatus_203,0.0
R_dimidiatus_85_R_dimidiatus_204,0.0
R_dimidiatus_85_R_dimidiatus_205,0.1667
R_dimidiatus_86_R_dimidiatus_90,0.1667
R_dimidiatus_86_R_dimidiatus_98,0.0
R_dimidiatus_86_R_dimidiatus_102,0.1667
R_dimidiatus_86_R_dimidiatus_106,0.1667
R_dimidiatus_86_R_dimidiatus_200,0.0
R_dimidiatus_86_R_dimidiatus_201,0.0
R_dimidiatus_86_R_dimidiatus_203,0.0
R_dimidiatus_86_R_dimidiatus_204,0.0
R_dimidiatus_86_R_dimidiatus_205,0.1667
R_dimidiatus_90_R_dimidiatus_98,0.0
R_dimidiatus_90_R_dimidiatus_102,0.3333
R_dimidiatus_90_R_dimidiatus_106,0.1667
R_dimidiatus_90_R_dimidiatus_200,0.0
R_dimidiatus_90_R_dimidiatus_201,0.0
R_dimidiatus_90_R_dimidiatus_203,0.0
R_dimidiatus_90_R_dimidiatus_204,0.0
R_dimidiatus_90_R_dimidiatus_205,0.1667
R_dimidiatus_98_R_dimidiatus_102,0.0
R_dimidiatus_98_R_dimidiatus_106,0.0
R_dimidiatus_98_R_dimidiatus_200,0.0
R_dimidiatus_98_R_dimidiatus_201,0.0
R_dimidiatus_98_R_dimidiatus_203,0.0
R_dimidiatus_98_R_dimidiatus_204,0.0
R_dimidiatus_98_R_dimidiatus_205,0.0
R_dimidiatus_102_R_dimidiatus_106,0.1667
R_dimidiatus_102_R_dimidiatus_200,0.0
R_dimidiatus_102_R_dimidiatus_201,0.0
R_dimidiatus_102_R_dimidiatus_203,0.0
R_dimidiatus_102_R_dimidiatus_204,0.0
R_dimidiatus_102_R_dimidiatus_205,0.1667
R_dimidiatus_106_R_dimidiatus_200,0.0
R_dimidiatus_106_R_dimidiatus_201,0.0
R_dimidiatus_106_R_dimidiatus_203,0.0
R_dimidiatus_106_R_dimidiatus_204,0.0
R_dimidiatus_106_R_dimidiatus_205,0.1667
R_dimidiatus_200_R_dimidiatus_201,0.0
R_dimidiatus_200_R_dimidiatus_203,0.0
R_dimidiatus_200_R_dimidiatus_204,0.0
R_dimidiatus_200_R_dimidiatus_205,0.0
R_dimidiatus_201_R_dimidiatus_203,0.0
R_dimidiatus_201_R_dimidiatus_204,0.0
R_dimidiatus_201_R_dimidiatus_205,0.0
R_dimidiatus_203_R_dimidiatus_204,0.0
R_dimidiatus_203_R_dimidiatus_205,0.0
R_dimidiatus_204_R_dimidiatus_205,0.0
