Ng10,Ng18,Ng8,Bd12,Ng20,Ng6,Ng7,AnchoTallo,AltoTallo,Dia1Flor,NoFrutos,LargoFruto,DiamFruto,PesoFruto,NoSemillas,Productividad
1,1,4,4,2,2,2,2,1,1,2,2,0,0,1.52,78,44,13,23.18,3.39,48.08,135.00,624.98
1,1,4,4,2,2,2,2,1,1,2,2,0,0,1.36,74,45,9,25.05,3.08,48.10,164.00,432.90
1,1,3,3,2,2,2,2,1,1,2,2,2,2,1.43,69,63,8,17.75,2.03,19.05,47.00,152.40
1,1,4,4,2,2,2,2,1,1,2,2,2,2,1.53,68,44,12,21.50,3.04,46.58,156.00,558.90
1,1,4,4,2,2,2,2,1,1,2,2,2,2,1.34,84,44,6,24.88,3.38,54.05,148.33,324.30
1,1,3,3,2,2,2,2,1,1,2,2,2,2,1.32,72,44,4,25.50,2.98,55.80,146.88,223.20
1,1,4,4,2,2,2,2,1,1,2,2,4,4,1.61,87,48,11,25.33,3.00,52.17,146.88,573.83
1,1,4,4,2,2,2,2,1,1,2,2,4,4,1.5,72,48,10,20.88,2.61,35.43,136.67,354.25
1,1,3,3,2,2,2,2,1,1,2,2,2,2,1.66,94,48,12,22.63,3.42,55.83,150.67,669.90
1,1,4,4,2,2,2,2,1,1,2,2,2,2,1.72,49,40,9,19.00,2.76,40.33,148.33,362.93
1,1,4,4,2,2,2,2,1,1,2,2,2,2,1.25,61,45,9,22.95,2.88,44.93,171.50,404.33
1,1,3,3,2,2,2,2,1,1,2,2,2,2,1.41,90,46,5,26.50,3.34,52.10,172.00,260.50
1,1,3,3,2,2,2,2,1,1,2,2,2,2,1.65,92,44,14,21.25,3.66,52.15,176.50,730.10
1,1,3,3,2,2,2,2,1,1,2,2,2,2,1.61,72,45.89,15,27.20,3.10,51.25,138.00,768.75
1,1,3,3,2,2,2,2,1,1,2,2,2,2,1.74,60,45.89,17,22.43,3.11,52.88,147.50,898.88
1,1,3,3,2,2,2,2,1,1,2,2,2,2,1.25,43,44,3,18.33,3.01,40.83,97.00,122.50
1,1,4,4,2,2,2,2,1,1,2,2,2,2,1.17,78,44,6,24.43,3.19,42.98,150.00,257.85
1,1,3,3,2,2,2,2,1,1,2,2,2,2,1.61,87,44,12,25.88,3.46,50.28,158.67,603.30
1,1,3,3,2,2,2,2,1,1,2,2,2,2,1.24,84,44,10,22.43,2.79,41.73,116.67,417.25
1,1,3,3,2,2,2,2,1,1,5,5,2,2,1.65,62,44,12,23.13,2.57,45.08,148.33,540.90
1,1,3,3,2,2,2,2,1,1,2,2,4,4,1.13,48,36,7,18.50,2.41,21.80,146.88,152.60
1,1,3,3,2,2,2,2,1,1,2,2,2,2,1.75,78,44,13,21.38,2.64,38.18,139.00,496.28
1,1,3,3,2,2,2,2,1,1,2,2,4,4,1.23,84,48,11,21.25,2.72,34.70,116.00,381.70
1,1,4,4,2,2,2,2,1,1,2,2,2,2,1.5,80,44,10,17.67,1.96,24.47,168.00,244.67
1,1,4,4,2,2,2,2,1,1,4,4,8,8,0.9,30,46,5,19.50,2.21,20.70,111.33,103.50
1,1,3,3,2,2,2,2,1,1,2,2,2,2,1.74,96,64,19,22.13,2.84,35.05,180.00,665.95
1,1,4,4,2,2,2,2,1,1,2,2,2,2,1.26,90,47,3,22.76,2.95,44.09,146.88,132.27
1,1,4,4,2,2,2,2,1,1,2,2,4,4,1.76,78,49,19,23.70,3.31,48.10,153.00,913.90
1,1,3,3,2,2,2,2,1,1,2,2,2,2,1.26,89,51,10,22.50,2.66,41.28,173.67,412.75
1,1,4,4,2,2,0,0,1,1,2,2,2,2,2.15,90,44,17,20.38,2.93,40.68,132.00,691.48
1,1,3,3,2,2,2,2,1,1,2,2,4,4,1.5,80,47,14,21.88,2.76,40.55,159.00,567.70
1,1,3,3,2,2,2,2,1,1,2,2,4,4,1.41,74,36,12,23.00,2.81,38.18,141.33,458.10
1,1,3,3,2,2,2,2,1,1,2,2,2,2,1.64,76,45.89,19,25.93,3.33,57.10,167.33,1084.90
1,1,3,3,2,2,2,2,1,1,2,2,2,2,1.2,77,48,5,19.67,3.38,41.17,193.00,205.83
1,1,3,3,2,2,2,2,1,1,2,2,2,2,1.14,67,44,7,22.38,2.99,50.00,147.67,350.00
1,1,3,3,2,2,2,2,1,1,2,2,2,2,1.64,84,49,16,26.25,3.34,53.00,166.33,848.00
1,1,3,3,2,2,2,2,2,2,4,4,2,2,1.44,57,44,10,22.15,2.77,41.93,120.33,419.25
1,1,3,3,2,2,2,2,1,1,2,2,4,4,1.24,79,45,15,27.63,2.78,50.23,97.00,753.38
1,1,3,3,2,2,2,2,1,1,2,2,2,2,2.04,114,44,15,22.13,2.88,42.53,136.00,637.88
1,1,3,3,2,2,2,2,1,1,2,2,2,2,1.97,114,47,21,27.00,3.13,56.90,180.33,1194.90