Ng10.a,Ng10.b,Ng18.a,Ng18.b,Ng8.a,Ng8.b,Bd12.a,Bd12.b,Ng20.a,Ng20.b,Ng6.a,Ng6.b,Ng7.a,Ng7.b,stem_width,stem_height,first_flower_day,fruits_number,fruit_length,fruit_diameter,fruit_weight,seeds_number,yield,variety
1,1,4,4,2,2,2,2,1,1,2,2,0,0,1.52,78.0,44.0,13,23.18,3.39,48.08,135.0,624.98,cayenne
1,1,4,4,2,2,2,2,1,1,2,2,0,0,1.36,74.0,45.0,9,25.05,3.08,48.1,164.0,432.9,cayenne
1,1,3,3,2,2,2,2,1,1,2,2,2,2,1.43,69.0,63.0,8,17.75,2.03,19.05,47.0,152.4,cayenne
1,1,4,4,2,2,2,2,1,1,2,2,2,2,1.53,68.0,44.0,12,21.5,3.04,46.58,156.0,558.9,cayenne
1,1,4,4,2,2,2,2,1,1,2,2,2,2,1.34,84.0,44.0,6,24.88,3.38,54.05,148.33,324.3,cayenne
1,1,3,3,2,2,2,2,1,1,2,2,2,2,1.32,72.0,44.0,4,25.5,2.98,55.8,146.88,223.2,cayenne
1,1,4,4,2,2,2,2,1,1,2,2,4,4,1.61,87.0,48.0,11,25.33,3.0,52.17,146.88,573.83,cayenne
1,1,4,4,2,2,2,2,1,1,2,2,4,4,1.5,72.0,48.0,10,20.88,2.61,35.43,136.67,354.25,cayenne
1,1,3,3,2,2,2,2,1,1,2,2,2,2,1.66,94.0,48.0,12,22.63,3.42,55.83,150.67,669.9,cayenne
1,1,4,4,2,2,2,2,1,1,2,2,2,2,1.72,49.0,40.0,9,19.0,2.76,40.33,148.33,362.93,cayenne
1,1,4,4,2,2,2,2,1,1,2,2,2,2,1.25,61.0,45.0,9,22.95,2.88,44.93,171.5,404.33,cayenne
1,1,3,3,2,2,2,2,1,1,2,2,2,2,1.41,90.0,46.0,5,26.5,3.34,52.1,172.0,260.5,cayenne
1,1,3,3,2,2,2,2,1,1,2,2,2,2,1.65,92.0,44.0,14,21.25,3.66,52.15,176.5,730.1,cayenne
1,1,3,3,2,2,2,2,1,1,2,2,2,2,1.61,72.0,45.89,15,27.2,3.1,51.25,138.0,768.75,cayenne
1,1,3,3,2,2,2,2,1,1,2,2,2,2,1.74,60.0,45.89,17,22.43,3.11,52.88,147.5,898.88,cayenne
1,1,3,3,2,2,2,2,1,1,2,2,2,2,1.25,43.0,44.0,3,18.33,3.01,40.83,97.0,122.5,cayenne
1,1,4,4,2,2,2,2,1,1,2,2,2,2,1.17,78.0,44.0,6,24.43,3.19,42.98,150.0,257.85,cayenne
1,1,3,3,2,2,2,2,1,1,2,2,2,2,1.61,87.0,44.0,12,25.88,3.46,50.28,158.67,603.3,cayenne
1,1,3,3,2,2,2,2,1,1,2,2,2,2,1.24,84.0,44.0,10,22.43,2.79,41.73,116.67,417.25,cayenne
1,1,3,3,2,2,2,2,1,1,5,5,2,2,1.65,62.0,44.0,12,23.13,2.57,45.08,148.33,540.9,cayenne
1,1,3,3,2,2,2,2,1,1,2,2,4,4,1.13,48.0,36.0,7,18.5,2.41,21.8,146.88,152.6,cayenne
1,1,3,3,2,2,2,2,1,1,2,2,2,2,1.75,78.0,44.0,13,21.38,2.64,38.18,139.0,496.28,cayenne
1,1,3,3,2,2,2,2,1,1,2,2,4,4,1.23,84.0,48.0,11,21.25,2.72,34.7,116.0,381.7,cayenne
1,1,4,4,2,2,2,2,1,1,2,2,2,2,1.5,80.0,44.0,10,17.67,1.96,24.47,168.0,244.67,cayenne
1,1,4,4,2,2,2,2,1,1,4,4,8,8,0.9,30.0,46.0,5,19.5,2.21,20.7,111.33,103.5,cayenne
1,1,3,3,2,2,2,2,1,1,2,2,2,2,1.74,96.0,64.0,19,22.13,2.84,35.05,180.0,665.95,cayenne
1,1,4,4,2,2,2,2,1,1,2,2,2,2,1.26,90.0,47.0,3,22.76,2.95,44.09,146.88,132.27,cayenne
1,1,4,4,2,2,2,2,1,1,2,2,4,4,1.76,78.0,49.0,19,23.7,3.31,48.1,153.0,913.9,cayenne
1,1,3,3,2,2,2,2,1,1,2,2,2,2,1.26,89.0,51.0,10,22.5,2.66,41.28,173.67,412.75,cayenne
1,1,4,4,2,2,0,0,1,1,2,2,2,2,2.15,90.0,44.0,17,20.38,2.93,40.68,132.0,691.48,cayenne
1,1,3,3,2,2,2,2,1,1,2,2,4,4,1.5,80.0,47.0,14,21.88,2.76,40.55,159.0,567.7,cayenne
1,1,3,3,2,2,2,2,1,1,2,2,4,4,1.41,74.0,36.0,12,23.0,2.81,38.18,141.33,458.1,cayenne
1,1,3,3,2,2,2,2,1,1,2,2,2,2,1.64,76.0,45.89,19,25.93,3.33,57.1,167.33,1084.9,cayenne
1,1,3,3,2,2,2,2,1,1,2,2,2,2,1.2,77.0,48.0,5,19.67,3.38,41.17,193.0,205.83,cayenne
1,1,3,3,2,2,2,2,1,1,2,2,2,2,1.14,67.0,44.0,7,22.38,2.99,50.0,147.67,350.0,cayenne
1,1,3,3,2,2,2,2,1,1,2,2,2,2,1.64,84.0,49.0,16,26.25,3.34,53.0,166.33,848.0,cayenne
1,1,3,3,2,2,2,2,2,2,4,4,2,2,1.44,57.0,44.0,10,22.15,2.77,41.93,120.33,419.25,cayenne
1,1,3,3,2,2,2,2,1,1,2,2,4,4,1.24,79.0,45.0,15,27.63,2.78,50.23,97.0,753.38,cayenne
1,1,3,3,2,2,2,2,1,1,2,2,2,2,2.04,114.0,44.0,15,22.13,2.88,42.53,136.0,637.88,cayenne
1,1,3,3,2,2,2,2,1,1,2,2,2,2,1.97,114.0,47.0,21,27.0,3.13,56.9,180.33,1194.9,cayenne
1,1,1,1,1,1,1,1,1,1,3,3,3,3,3.33,118.0,55.59,674,3.15,0.96,1.27,32.61,853.62,tabasco
1,1,1,1,1,1,2,2,1,1,1,1,1,1,1.54,117.0,58.0,788,3.09,0.85,1.07,32.61,844.42,tabasco
1,1,1,1,1,1,3,3,1,1,3,3,1,1,2.51,115.0,55.0,788,3.47,0.93,1.11,32.61,873.03,tabasco
1,1,5,5,1,1,3,3,1,1,1,1,1,1,2.12,72.0,53.0,412,3.14,0.89,1.02,32.61,418.96,tabasco
1,1,1,1,1,1,1,1,1,1,3,3,1,1,2.85,46.0,62.0,95,3.0,0.84,0.85,32.61,81.18,tabasco
1,1,1,1,1,1,1,1,1,1,3,3,1,1,3.48,122.0,49.0,715,2.96,0.87,1.01,32.61,719.72,tabasco
1,1,1,1,1,1,2,2,1,1,3,3,1,1,2.94,133.0,55.0,976,3.22,0.84,1.04,21.0,1014.45,tabasco
1,1,1,1,1,1,1,1,1,1,3,3,1,1,3.94,103.0,55.0,560,3.06,0.97,0.97,36.8,543.03,tabasco
1,1,1,1,1,1,2,2,1,1,3,3,1,1,1.95,90.0,50.0,577,3.19,0.91,1.08,32.4,624.94,tabasco
1,1,1,1,1,1,1,1,1,1,0,0,1,1,2.7,114.0,53.0,312,3.41,0.81,0.86,16.2,267.51,tabasco
1,1,1,1,1,1,1,1,1,1,3,3,1,1,2.4,126.0,55.59,146,3.1,0.87,1.06,34.8,154.54,tabasco
1,1,1,1,1,1,2,2,1,1,1,1,1,1,3.16,110.0,65.0,394,2.94,0.9,1.14,32.8,450.22,tabasco
1,1,1,1,1,1,1,1,1,1,3,3,3,3,2.24,145.0,49.0,572,3.13,0.71,0.9,29.8,515.49,tabasco
1,1,1,1,1,1,1,1,1,1,0,0,1,1,2.45,98.0,63.0,401,3.17,0.92,1.14,41.4,458.58,tabasco
1,1,1,1,1,1,1,1,1,1,1,1,1,1,2.9,101.0,64.0,636,3.04,0.85,0.86,32.61,548.36,tabasco
1,1,1,1,1,1,1,1,1,1,1,1,1,1,4.37,88.0,55.0,348,3.22,0.82,1.01,35.2,349.98,tabasco
1,1,1,1,1,1,1,1,1,1,3,3,1,1,2.12,117.0,53.0,791,3.12,0.85,0.95,32.61,749.71,tabasco
1,1,1,1,1,1,1,1,1,1,3,3,1,1,3.64,123.0,57.0,512,3.01,0.87,1.03,32.61,529.41,tabasco
1,1,1,1,1,1,1,1,1,1,3,3,1,1,2.97,81.0,58.0,1252,3.52,0.84,1.14,32.61,1426.15,tabasco
1,1,1,1,1,1,1,1,1,1,3,3,1,1,1.18,100.0,55.59,181,3.33,0.9,1.16,32.61,209.42,tabasco
1,1,1,1,1,1,1,1,1,1,3,3,1,1,2.86,141.0,55.59,147,2.72,0.86,0.65,32.61,95.93,tabasco
1,1,1,1,1,1,1,1,1,1,3,3,1,1,1.3,111.0,59.0,561,3.36,0.94,1.24,32.61,696.09,tabasco
1,1,1,1,1,1,1,1,1,1,0,0,1,1,3.0,72.0,55.59,39,3.1,0.87,0.98,32.61,38.22,tabasco
1,1,1,1,1,1,1,1,1,1,1,1,3,3,1.6,120.0,63.0,323,3.1,0.87,0.98,32.61,316.54,tabasco
1,1,1,1,1,1,1,1,1,1,3,3,1,1,3.86,130.0,55.59,118,3.23,0.96,0.77,32.61,90.97,tabasco
1,1,1,1,1,1,1,1,1,1,3,3,3,3,3.04,21.0,52.0,859,3.35,0.91,1.12,32.61,960.19,tabasco
1,1,1,1,1,1,2,2,1,1,1,1,1,1,0.52,102.0,48.0,451,2.87,0.77,0.83,32.61,374.06,tabasco
1,1,1,1,1,1,2,2,1,1,3,3,1,1,2.33,122.0,63.0,238,2.92,0.83,0.97,33.6,231.69,tabasco
1,1,1,1,1,1,1,1,1,1,1,1,1,1,2.2,98.0,55.59,2,2.39,0.85,0.58,31.4,1.15,tabasco
1,1,1,1,1,1,2,2,1,1,1,1,1,1,2.8,90.0,53.0,544,3.22,0.87,0.93,35.0,507.66,tabasco
1,1,1,1,1,1,2,2,1,1,3,3,1,1,1.72,92.0,55.0,807,3.07,0.82,0.9,35.6,724.28,tabasco
1,1,1,1,1,1,3,3,1,1,3,3,3,3,1.61,100.0,57.0,791,2.97,0.8,0.86,38.8,677.57,tabasco
1,1,1,1,1,1,3,3,1,1,3,3,1,1,2.66,81.0,52.0,370,3.3,0.94,1.05,34.4,387.83,tabasco
1,1,1,1,1,1,3,3,1,1,3,3,1,1,2.0,111.0,55.59,1199,2.88,0.88,0.82,32.61,984.98,tabasco
1,1,1,1,1,1,1,1,1,1,3,3,1,1,3.65,96.0,48.0,572,3.14,0.88,1.07,32.61,614.39,tabasco
1,1,1,1,1,1,1,1,1,1,3,3,1,1,2.58,132.0,59.0,682,3.14,0.79,0.99,32.61,677.84,tabasco
1,1,1,1,1,1,1,1,1,1,3,3,1,1,3.52,92.0,50.0,880,2.63,0.85,1.06,32.61,931.74,tabasco
1,1,1,1,1,1,1,1,1,1,3,3,1,1,2.71,92.0,57.0,600,3.03,0.94,1.05,32.61,632.34,tabasco
2,2,2,2,1,1,1,1,1,1,1,1,3,3,1.02,36.4,69.0,0,3.69,2.59,8.25,51.64,0.0,habanero
3,3,2,2,1,1,1,1,1,1,1,1,3,3,1.58,53.5,56.0,14,3.67,2.52,6.55,35.0,91.7,habanero
2,2,2,2,1,1,1,1,1,1,1,1,5,5,1.22,64.0,52.0,4,2.65,2.41,4.98,42.0,19.9,habanero
2,2,2,2,1,1,1,1,1,1,1,1,0,0,1.96,70.0,45.0,4,2.85,2.05,3.98,65.0,15.9,habanero
2,2,2,2,1,1,3,3,1,1,1,1,3,3,1.75,56.0,54.0,2,3.67,2.73,10.05,103.0,20.1,habanero
2,2,0,0,1,1,1,1,1,1,1,1,3,3,0.89,38.0,84.0,0,3.69,2.59,8.25,51.64,0.0,habanero
2,2,6,6,1,1,1,1,1,1,1,1,3,3,1.29,45.0,52.0,0,3.69,2.59,8.25,51.64,0.0,habanero
3,3,2,2,1,1,1,1,1,1,1,1,3,3,1.22,46.0,69.0,0,3.69,2.59,8.25,51.64,0.0,habanero
2,2,2,2,1,1,1,1,1,1,1,1,0,0,1.61,69.5,69.0,0,3.69,2.59,8.25,51.64,0.0,habanero
4,4,2,2,1,1,1,1,1,1,1,1,3,3,2.11,64.0,51.0,2,3.66,3.24,14.05,51.64,28.1,habanero
2,2,2,2,1,1,2,2,1,1,1,1,3,3,1.07,48.5,75.0,0,3.69,2.59,8.25,51.64,0.0,habanero
3,3,2,2,1,1,1,1,1,1,1,1,3,3,2.09,75.5,45.0,33,5.19,3.3,16.65,51.64,549.45,habanero
2,2,2,2,1,1,2,2,1,1,1,1,3,3,1.24,65.0,61.0,0,3.69,2.59,8.25,51.64,0.0,habanero
2,2,2,2,1,1,2,2,1,1,1,1,3,3,0.93,49.5,49.0,0,3.69,2.59,8.25,51.64,0.0,habanero
2,2,2,2,1,1,1,1,1,1,1,1,3,3,1.46,68.0,69.0,0,3.69,2.59,8.25,51.64,0.0,habanero
2,2,2,2,3,3,2,2,1,1,1,1,0,0,1.28,56.5,63.0,3,3.54,2.71,7.9,50.0,23.7,habanero
2,2,2,2,1,1,1,1,1,1,1,1,3,3,1.47,52.0,76.0,1,3.5,2.1,5.2,24.0,5.2,habanero
2,2,2,2,1,1,1,1,1,1,1,1,3,3,1.11,50.0,89.0,0,3.69,2.59,8.25,51.64,0.0,habanero
4,4,2,2,1,1,3,3,3,3,1,1,3,3,1.27,50.0,52.0,16,3.75,2.35,6.38,24.0,102.0,habanero
3,3,2,2,1,1,2,2,1,1,1,1,3,3,1.34,49.7,66.0,3,4.04,2.53,7.35,36.0,22.05,habanero
3,3,2,2,1,1,1,1,1,1,1,1,3,3,1.52,62.5,67.0,1,3.7,2.53,7.5,41.0,7.5,habanero
2,2,2,2,1,1,1,1,1,1,1,1,3,3,1.55,64.5,52.0,2,3.74,2.06,5.2,41.0,10.4,habanero
3,3,2,2,1,1,1,1,1,1,1,1,3,3,1.52,65.5,57.0,6,3.09,2.24,5.65,66.0,33.9,habanero
3,3,2,2,1,1,1,1,1,1,1,1,3,3,1.26,63.0,52.0,9,4.17,2.81,9.15,51.64,82.35,habanero
3,3,2,2,1,1,2,2,1,1,1,1,3,3,0.99,39.0,60.0,4,3.23,2.32,5.68,27.0,22.7,habanero
2,2,2,2,1,1,1,1,1,1,1,1,0,0,1.66,59.0,72.0,0,3.69,2.59,8.25,51.64,0.0,habanero
0,0,2,2,1,1,1,1,1,1,1,1,3,3,1.05,53.0,53.0,2,4.34,2.82,10.9,76.0,21.8,habanero
2,2,2,2,1,1,2,2,1,1,1,1,3,3,1.56,50.0,79.0,0,3.69,2.59,8.25,51.64,0.0,habanero
2,2,2,2,1,1,1,1,1,1,1,1,3,3,1.41,42.5,59.0,1,4.44,2.83,12.4,72.0,12.4,habanero
5,5,2,2,1,1,1,1,1,1,1,1,3,3,1.27,47.5,71.0,0,3.69,2.59,8.25,51.64,0.0,habanero
2,2,2,2,1,1,0,0,1,1,1,1,3,3,0.76,38.0,61.0,4,3.02,3.09,9.4,71.0,37.6,habanero
2,2,2,2,1,1,2,2,1,1,1,1,3,3,1.29,45.0,83.0,0,3.69,2.59,8.25,51.64,0.0,habanero
2,2,2,2,1,1,0,0,1,1,1,1,3,3,0.77,33.0,57.0,0,3.69,2.59,8.25,51.64,0.0,habanero
2,2,2,2,1,1,1,1,1,1,1,1,3,3,1.52,59.0,69.0,0,3.69,2.59,8.25,51.64,0.0,habanero
2,2,2,2,1,1,1,1,1,1,1,1,3,3,1.04,37.5,52.0,10,3.29,2.53,6.7,49.0,67.0,habanero
0,0,2,2,1,1,2,2,1,1,1,1,3,3,0.69,18.0,71.0,1,4.28,2.79,9.4,56.0,9.4,habanero
